,secID,code
0,000001.XSHE,1
1,000002.XSHE,2
2,000003.XSHE,3
3,000004.XSHE,4
4,000005.XSHE,5
5,000006.XSHE,6
6,000007.XSHE,7
7,000008.XSHE,8
8,000009.XSHE,9
9,000010.XSHE,10
10,000011.XSHE,11
11,000012.XSHE,12
12,000013.XSHE,13
13,000014.XSHE,14
14,000015.XSHE,15
15,000016.XSHE,16
16,000017.XSHE,17
17,000018.XSHE,18
18,000019.XSHE,19
19,000020.XSHE,20
20,000021.XSHE,21
21,000022.XSHE,22
22,000023.XSHE,23
23,000024.XSHE,24
24,000025.XSHE,25
25,000026.XSHE,26
26,000027.XSHE,27
27,000028.XSHE,28
28,000029.XSHE,29
29,000030.XSHE,30
30,000031.XSHE,31
31,000032.XSHE,32
32,000033.XSHE,33
33,000034.XSHE,34
34,000035.XSHE,35
35,000036.XSHE,36
36,000037.XSHE,37
37,000038.XSHE,38
38,000039.XSHE,39
39,000040.XSHE,40
40,000042.XSHE,42
41,000043.XSHE,43
42,000045.XSHE,45
43,000046.XSHE,46
44,000047.XSHE,47
45,000048.XSHE,48
46,000049.XSHE,49
47,000050.XSHE,50
48,000055.XSHE,55
49,000056.XSHE,56
50,000058.XSHE,58
51,000059.XSHE,59
52,000060.XSHE,60
53,000061.XSHE,61
54,000062.XSHE,62
55,000063.XSHE,63
56,000065.XSHE,65
57,000066.XSHE,66
58,000068.XSHE,68
59,000069.XSHE,69
60,000070.XSHE,70
61,000078.XSHE,78
62,000088.XSHE,88
63,000089.XSHE,89
64,000090.XSHE,90
65,000096.XSHE,96
66,000099.XSHE,99
67,000100.XSHE,100
68,000150.XSHE,150
69,000151.XSHE,151
70,000153.XSHE,153
71,000155.XSHE,155
72,000156.XSHE,156
73,000157.XSHE,157
74,000158.XSHE,158
75,000159.XSHE,159
76,000166.XSHE,166
77,000301.XSHE,301
78,000333.XSHE,333
79,000338.XSHE,338
80,000400.XSHE,400
81,000401.XSHE,401
82,000402.XSHE,402
83,000403.XSHE,403
84,000404.XSHE,404
85,000405.XSHE,405
86,000406.XSHE,406
87,000407.XSHE,407
88,000408.XSHE,408
89,000409.XSHE,409
90,000410.XSHE,410
91,000411.XSHE,411
92,000412.XSHE,412
93,000413.XSHE,413
94,000415.XSHE,415
95,000416.XSHE,416
96,000417.XSHE,417
97,000418.XSHE,418
98,000419.XSHE,419
99,000420.XSHE,420
100,000421.XSHE,421
101,000422.XSHE,422
102,000423.XSHE,423
103,000425.XSHE,425
104,000426.XSHE,426
105,000428.XSHE,428
106,000429.XSHE,429
107,000430.XSHE,430
108,000488.XSHE,488
109,000498.XSHE,498
110,000501.XSHE,501
111,000502.XSHE,502
112,000503.XSHE,503
113,000504.XSHE,504
114,000505.XSHE,505
115,000506.XSHE,506
116,000507.XSHE,507
117,000508.XSHE,508
118,000509.XSHE,509
119,000510.XSHE,510
120,000511.XSHE,511
121,000513.XSHE,513
122,000514.XSHE,514
123,000515.XSHE,515
124,000516.XSHE,516
125,000517.XSHE,517
126,000518.XSHE,518
127,000519.XSHE,519
128,000520.XSHE,520
129,000521.XSHE,521
130,000522.XSHE,522
131,000523.XSHE,523
132,000524.XSHE,524
133,000525.XSHE,525
134,000526.XSHE,526
135,000527.XSHE,527
136,000528.XSHE,528
137,000529.XSHE,529
138,000530.XSHE,530
139,000531.XSHE,531
140,000532.XSHE,532
141,000533.XSHE,533
142,000534.XSHE,534
143,000535.XSHE,535
144,000536.XSHE,536
145,000537.XSHE,537
146,000538.XSHE,538
147,000539.XSHE,539
148,000540.XSHE,540
149,000541.XSHE,541
150,000542.XSHE,542
151,000543.XSHE,543
152,000544.XSHE,544
153,000545.XSHE,545
154,000546.XSHE,546
155,000547.XSHE,547
156,000548.XSHE,548
157,000549.XSHE,549
158,000550.XSHE,550
159,000551.XSHE,551
160,000552.XSHE,552
161,000553.XSHE,553
162,000554.XSHE,554
163,000555.XSHE,555
164,000556.XSHE,556
165,000557.XSHE,557
166,000558.XSHE,558
167,000559.XSHE,559
168,000560.XSHE,560
169,000561.XSHE,561
170,000562.XSHE,562
171,000563.XSHE,563
172,000564.XSHE,564
173,000565.XSHE,565
174,000566.XSHE,566
175,000567.XSHE,567
176,000568.XSHE,568
177,000569.XSHE,569
178,000570.XSHE,570
179,000571.XSHE,571
180,000572.XSHE,572
181,000573.XSHE,573
182,000576.XSHE,576
183,000578.XSHE,578
184,000581.XSHE,581
185,000582.XSHE,582
186,000583.XSHE,583
187,000584.XSHE,584
188,000585.XSHE,585
189,000586.XSHE,586
190,000587.XSHE,587
191,000588.XSHE,588
192,000589.XSHE,589
193,000590.XSHE,590
194,000591.XSHE,591
195,000592.XSHE,592
196,000593.XSHE,593
197,000594.XSHE,594
198,000595.XSHE,595
199,000596.XSHE,596
200,000597.XSHE,597
201,000598.XSHE,598
202,000599.XSHE,599
203,000600.XSHE,600
204,000601.XSHE,601
205,000602.XSHE,602
206,000603.XSHE,603
207,000605.XSHE,605
208,000606.XSHE,606
209,000607.XSHE,607
210,000608.XSHE,608
211,000609.XSHE,609
212,000610.XSHE,610
213,000611.XSHE,611
214,000612.XSHE,612
215,000613.XSHE,613
216,000615.XSHE,615
217,000616.XSHE,616
218,000617.XSHE,617
219,000618.XSHE,618
220,000619.XSHE,619
221,000620.XSHE,620
222,000621.XSHE,621
223,000622.XSHE,622
224,000623.XSHE,623
225,000625.XSHE,625
226,000626.XSHE,626
227,000627.XSHE,627
228,000628.XSHE,628
229,000629.XSHE,629
230,000630.XSHE,630
231,000631.XSHE,631
232,000632.XSHE,632
233,000633.XSHE,633
234,000635.XSHE,635
235,000636.XSHE,636
236,000637.XSHE,637
237,000638.XSHE,638
238,000639.XSHE,639
239,000650.XSHE,650
240,000651.XSHE,651
241,000652.XSHE,652
242,000653.XSHE,653
243,000655.XSHE,655
244,000656.XSHE,656
245,000657.XSHE,657
246,000658.XSHE,658
247,000659.XSHE,659
248,000660.XSHE,660
249,000661.XSHE,661
250,000662.XSHE,662
251,000663.XSHE,663
252,000665.XSHE,665
253,000666.XSHE,666
254,000667.XSHE,667
255,000668.XSHE,668
256,000669.XSHE,669
257,000670.XSHE,670
258,000671.XSHE,671
259,000672.XSHE,672
260,000673.XSHE,673
261,000675.XSHE,675
262,000676.XSHE,676
263,000677.XSHE,677
264,000678.XSHE,678
265,000679.XSHE,679
266,000680.XSHE,680
267,000681.XSHE,681
268,000682.XSHE,682
269,000683.XSHE,683
270,000685.XSHE,685
271,000686.XSHE,686
272,000687.XSHE,687
273,000688.XSHE,688
274,000689.XSHE,689
275,000690.XSHE,690
276,000691.XSHE,691
277,000692.XSHE,692
278,000693.XSHE,693
279,000695.XSHE,695
280,000697.XSHE,697
281,000698.XSHE,698
282,000699.XSHE,699
283,000700.XSHE,700
284,000701.XSHE,701
285,000702.XSHE,702
286,000703.XSHE,703
287,000705.XSHE,705
288,000707.XSHE,707
289,000708.XSHE,708
290,000709.XSHE,709
291,000710.XSHE,710
292,000711.XSHE,711
293,000712.XSHE,712
294,000713.XSHE,713
295,000715.XSHE,715
296,000716.XSHE,716
297,000717.XSHE,717
298,000718.XSHE,718
299,000719.XSHE,719
300,000720.XSHE,720
301,000721.XSHE,721
302,000722.XSHE,722
303,000723.XSHE,723
304,000725.XSHE,725
305,000726.XSHE,726
306,000727.XSHE,727
307,000728.XSHE,728
308,000729.XSHE,729
309,000730.XSHE,730
310,000731.XSHE,731
311,000732.XSHE,732
312,000733.XSHE,733
313,000735.XSHE,735
314,000736.XSHE,736
315,000737.XSHE,737
316,000738.XSHE,738
317,000739.XSHE,739
318,000748.XSHE,748
319,000750.XSHE,750
320,000751.XSHE,751
321,000752.XSHE,752
322,000753.XSHE,753
323,000755.XSHE,755
324,000756.XSHE,756
325,000757.XSHE,757
326,000758.XSHE,758
327,000759.XSHE,759
328,000760.XSHE,760
329,000761.XSHE,761
330,000762.XSHE,762
331,000763.XSHE,763
332,000765.XSHE,765
333,000766.XSHE,766
334,000767.XSHE,767
335,000768.XSHE,768
336,000769.XSHE,769
337,000776.XSHE,776
338,000777.XSHE,777
339,000778.XSHE,778
340,000779.XSHE,779
341,000780.XSHE,780
342,000782.XSHE,782
343,000783.XSHE,783
344,000785.XSHE,785
345,000786.XSHE,786
346,000787.XSHE,787
347,000788.XSHE,788
348,000789.XSHE,789
349,000790.XSHE,790
350,000791.XSHE,791
351,000792.XSHE,792
352,000793.XSHE,793
353,000795.XSHE,795
354,000796.XSHE,796
355,000797.XSHE,797
356,000798.XSHE,798
357,000799.XSHE,799
358,000800.XSHE,800
359,000801.XSHE,801
360,000802.XSHE,802
361,000803.XSHE,803
362,000805.XSHE,805
363,000806.XSHE,806
364,000807.XSHE,807
365,000809.XSHE,809
366,000810.XSHE,810
367,000811.XSHE,811
368,000812.XSHE,812
369,000813.XSHE,813
370,000815.XSHE,815
371,000816.XSHE,816
372,000817.XSHE,817
373,000818.XSHE,818
374,000819.XSHE,819
375,000820.XSHE,820
376,000821.XSHE,821
377,000822.XSHE,822
378,000823.XSHE,823
379,000825.XSHE,825
380,000826.XSHE,826
381,000827.XSHE,827
382,000828.XSHE,828
383,000829.XSHE,829
384,000830.XSHE,830
385,000831.XSHE,831
386,000832.XSHE,832
387,000833.XSHE,833
388,000835.XSHE,835
389,000836.XSHE,836
390,000837.XSHE,837
391,000838.XSHE,838
392,000839.XSHE,839
393,000848.XSHE,848
394,000850.XSHE,850
395,000851.XSHE,851
396,000852.XSHE,852
397,000856.XSHE,856
398,000858.XSHE,858
399,000859.XSHE,859
400,000860.XSHE,860
401,000861.XSHE,861
402,000862.XSHE,862
403,000863.XSHE,863
404,000866.XSHE,866
405,000868.XSHE,868
406,000869.XSHE,869
407,000875.XSHE,875
408,000876.XSHE,876
409,000877.XSHE,877
410,000878.XSHE,878
411,000880.XSHE,880
412,000881.XSHE,881
413,000882.XSHE,882
414,000883.XSHE,883
415,000885.XSHE,885
416,000886.XSHE,886
417,000887.XSHE,887
418,000888.XSHE,888
419,000889.XSHE,889
420,000890.XSHE,890
421,000892.XSHE,892
422,000893.XSHE,893
423,000895.XSHE,895
424,000897.XSHE,897
425,000898.XSHE,898
426,000899.XSHE,899
427,000900.XSHE,900
428,000901.XSHE,901
429,000902.XSHE,902
430,000903.XSHE,903
431,000905.XSHE,905
432,000906.XSHE,906
433,000908.XSHE,908
434,000909.XSHE,909
435,000910.XSHE,910
436,000911.XSHE,911
437,000912.XSHE,912
438,000913.XSHE,913
439,000915.XSHE,915
440,000916.XSHE,916
441,000917.XSHE,917
442,000918.XSHE,918
443,000919.XSHE,919
444,000920.XSHE,920
445,000921.XSHE,921
446,000922.XSHE,922
447,000923.XSHE,923
448,000925.XSHE,925
449,000926.XSHE,926
450,000927.XSHE,927
451,000928.XSHE,928
452,000929.XSHE,929
453,000930.XSHE,930
454,000931.XSHE,931
455,000932.XSHE,932
456,000933.XSHE,933
457,000935.XSHE,935
458,000936.XSHE,936
459,000937.XSHE,937
460,000938.XSHE,938
461,000939.XSHE,939
462,000948.XSHE,948
463,000949.XSHE,949
464,000950.XSHE,950
465,000951.XSHE,951
466,000952.XSHE,952
467,000953.XSHE,953
468,000955.XSHE,955
469,000956.XSHE,956
470,000957.XSHE,957
471,000958.XSHE,958
472,000959.XSHE,959
473,000960.XSHE,960
474,000961.XSHE,961
475,000962.XSHE,962
476,000963.XSHE,963
477,000965.XSHE,965
478,000966.XSHE,966
479,000967.XSHE,967
480,000968.XSHE,968
481,000969.XSHE,969
482,000970.XSHE,970
483,000971.XSHE,971
484,000972.XSHE,972
485,000973.XSHE,973
486,000975.XSHE,975
487,000976.XSHE,976
488,000977.XSHE,977
489,000978.XSHE,978
490,000979.XSHE,979
491,000980.XSHE,980
492,000981.XSHE,981
493,000982.XSHE,982
494,000983.XSHE,983
495,000985.XSHE,985
496,000987.XSHE,987
497,000988.XSHE,988
498,000989.XSHE,989
499,000990.XSHE,990
500,000991.XSHE,991
501,000993.XSHE,993
502,000995.XSHE,995
503,000996.XSHE,996
504,000997.XSHE,997
505,000998.XSHE,998
506,000999.XSHE,999
507,001696.XSHE,1696
508,001872.XSHE,1872
509,001896.XSHE,1896
510,001965.XSHE,1965
511,001979.XSHE,1979
512,002001.XSHE,2001
513,002002.XSHE,2002
514,002003.XSHE,2003
515,002004.XSHE,2004
516,002005.XSHE,2005
517,002006.XSHE,2006
518,002007.XSHE,2007
519,002008.XSHE,2008
520,002009.XSHE,2009
521,002010.XSHE,2010
522,002011.XSHE,2011
523,002012.XSHE,2012
524,002013.XSHE,2013
525,002014.XSHE,2014
526,002015.XSHE,2015
527,002016.XSHE,2016
528,002017.XSHE,2017
529,002018.XSHE,2018
530,002019.XSHE,2019
531,002020.XSHE,2020
532,002021.XSHE,2021
533,002022.XSHE,2022
534,002023.XSHE,2023
535,002024.XSHE,2024
536,002025.XSHE,2025
537,002026.XSHE,2026
538,002027.XSHE,2027
539,002028.XSHE,2028
540,002029.XSHE,2029
541,002030.XSHE,2030
542,002031.XSHE,2031
543,002032.XSHE,2032
544,002033.XSHE,2033
545,002034.XSHE,2034
546,002035.XSHE,2035
547,002036.XSHE,2036
548,002037.XSHE,2037
549,002038.XSHE,2038
550,002039.XSHE,2039
551,002040.XSHE,2040
552,002041.XSHE,2041
553,002042.XSHE,2042
554,002043.XSHE,2043
555,002044.XSHE,2044
556,002045.XSHE,2045
557,002046.XSHE,2046
558,002047.XSHE,2047
559,002048.XSHE,2048
560,002049.XSHE,2049
561,002050.XSHE,2050
562,002051.XSHE,2051
563,002052.XSHE,2052
564,002053.XSHE,2053
565,002054.XSHE,2054
566,002055.XSHE,2055
567,002056.XSHE,2056
568,002057.XSHE,2057
569,002058.XSHE,2058
570,002059.XSHE,2059
571,002060.XSHE,2060
572,002061.XSHE,2061
573,002062.XSHE,2062
574,002063.XSHE,2063
575,002064.XSHE,2064
576,002065.XSHE,2065
577,002066.XSHE,2066
578,002067.XSHE,2067
579,002068.XSHE,2068
580,002069.XSHE,2069
581,002070.XSHE,2070
582,002071.XSHE,2071
583,002072.XSHE,2072
584,002073.XSHE,2073
585,002074.XSHE,2074
586,002075.XSHE,2075
587,002076.XSHE,2076
588,002077.XSHE,2077
589,002078.XSHE,2078
590,002079.XSHE,2079
591,002080.XSHE,2080
592,002081.XSHE,2081
593,002082.XSHE,2082
594,002083.XSHE,2083
595,002084.XSHE,2084
596,002085.XSHE,2085
597,002086.XSHE,2086
598,002087.XSHE,2087
599,002088.XSHE,2088
600,002089.XSHE,2089
601,002090.XSHE,2090
602,002091.XSHE,2091
603,002092.XSHE,2092
604,002093.XSHE,2093
605,002094.XSHE,2094
606,002095.XSHE,2095
607,002096.XSHE,2096
608,002097.XSHE,2097
609,002098.XSHE,2098
610,002099.XSHE,2099
611,002100.XSHE,2100
612,002101.XSHE,2101
613,002102.XSHE,2102
614,002103.XSHE,2103
615,002104.XSHE,2104
616,002105.XSHE,2105
617,002106.XSHE,2106
618,002107.XSHE,2107
619,002108.XSHE,2108
620,002109.XSHE,2109
621,002110.XSHE,2110
622,002111.XSHE,2111
623,002112.XSHE,2112
624,002113.XSHE,2113
625,002114.XSHE,2114
626,002115.XSHE,2115
627,002116.XSHE,2116
628,002117.XSHE,2117
629,002118.XSHE,2118
630,002119.XSHE,2119
631,002120.XSHE,2120
632,002121.XSHE,2121
633,002122.XSHE,2122
634,002123.XSHE,2123
635,002124.XSHE,2124
636,002125.XSHE,2125
637,002126.XSHE,2126
638,002127.XSHE,2127
639,002128.XSHE,2128
640,002129.XSHE,2129
641,002130.XSHE,2130
642,002131.XSHE,2131
643,002132.XSHE,2132
644,002133.XSHE,2133
645,002134.XSHE,2134
646,002135.XSHE,2135
647,002136.XSHE,2136
648,002137.XSHE,2137
649,002138.XSHE,2138
650,002139.XSHE,2139
651,002140.XSHE,2140
652,002141.XSHE,2141
653,002142.XSHE,2142
654,002143.XSHE,2143
655,002144.XSHE,2144
656,002145.XSHE,2145
657,002146.XSHE,2146
658,002147.XSHE,2147
659,002148.XSHE,2148
660,002149.XSHE,2149
661,002150.XSHE,2150
662,002151.XSHE,2151
663,002152.XSHE,2152
664,002153.XSHE,2153
665,002154.XSHE,2154
666,002155.XSHE,2155
667,002156.XSHE,2156
668,002157.XSHE,2157
669,002158.XSHE,2158
670,002159.XSHE,2159
671,002160.XSHE,2160
672,002161.XSHE,2161
673,002162.XSHE,2162
674,002163.XSHE,2163
675,002164.XSHE,2164
676,002165.XSHE,2165
677,002166.XSHE,2166
678,002167.XSHE,2167
679,002168.XSHE,2168
680,002169.XSHE,2169
681,002170.XSHE,2170
682,002171.XSHE,2171
683,002172.XSHE,2172
684,002173.XSHE,2173
685,002174.XSHE,2174
686,002175.XSHE,2175
687,002176.XSHE,2176
688,002177.XSHE,2177
689,002178.XSHE,2178
690,002179.XSHE,2179
691,002180.XSHE,2180
692,002181.XSHE,2181
693,002182.XSHE,2182
694,002183.XSHE,2183
695,002184.XSHE,2184
696,002185.XSHE,2185
697,002186.XSHE,2186
698,002187.XSHE,2187
699,002188.XSHE,2188
700,002189.XSHE,2189
701,002190.XSHE,2190
702,002191.XSHE,2191
703,002192.XSHE,2192
704,002193.XSHE,2193
705,002194.XSHE,2194
706,002195.XSHE,2195
707,002196.XSHE,2196
708,002197.XSHE,2197
709,002198.XSHE,2198
710,002199.XSHE,2199
711,002200.XSHE,2200
712,002201.XSHE,2201
713,002202.XSHE,2202
714,002203.XSHE,2203
715,002204.XSHE,2204
716,002205.XSHE,2205
717,002206.XSHE,2206
718,002207.XSHE,2207
719,002208.XSHE,2208
720,002209.XSHE,2209
721,002210.XSHE,2210
722,002211.XSHE,2211
723,002212.XSHE,2212
724,002213.XSHE,2213
725,002214.XSHE,2214
726,002215.XSHE,2215
727,002216.XSHE,2216
728,002217.XSHE,2217
729,002218.XSHE,2218
730,002219.XSHE,2219
731,002220.XSHE,2220
732,002221.XSHE,2221
733,002222.XSHE,2222
734,002223.XSHE,2223
735,002224.XSHE,2224
736,002225.XSHE,2225
737,002226.XSHE,2226
738,002227.XSHE,2227
739,002228.XSHE,2228
740,002229.XSHE,2229
741,002230.XSHE,2230
742,002231.XSHE,2231
743,002232.XSHE,2232
744,002233.XSHE,2233
745,002234.XSHE,2234
746,002235.XSHE,2235
747,002236.XSHE,2236
748,002237.XSHE,2237
749,002238.XSHE,2238
750,002239.XSHE,2239
751,002240.XSHE,2240
752,002241.XSHE,2241
753,002242.XSHE,2242
754,002243.XSHE,2243
755,002244.XSHE,2244
756,002245.XSHE,2245
757,002246.XSHE,2246
758,002247.XSHE,2247
759,002248.XSHE,2248
760,002249.XSHE,2249
761,002250.XSHE,2250
762,002251.XSHE,2251
763,002252.XSHE,2252
764,002253.XSHE,2253
765,002254.XSHE,2254
766,002255.XSHE,2255
767,002256.XSHE,2256
768,002257.XSHE,2257
769,002258.XSHE,2258
770,002259.XSHE,2259
771,002260.XSHE,2260
772,002261.XSHE,2261
773,002262.XSHE,2262
774,002263.XSHE,2263
775,002264.XSHE,2264
776,002265.XSHE,2265
777,002266.XSHE,2266
778,002267.XSHE,2267
779,002268.XSHE,2268
780,002269.XSHE,2269
781,002270.XSHE,2270
782,002271.XSHE,2271
783,002272.XSHE,2272
784,002273.XSHE,2273
785,002274.XSHE,2274
786,002275.XSHE,2275
787,002276.XSHE,2276
788,002277.XSHE,2277
789,002278.XSHE,2278
790,002279.XSHE,2279
791,002280.XSHE,2280
792,002281.XSHE,2281
793,002282.XSHE,2282
794,002283.XSHE,2283
795,002284.XSHE,2284
796,002285.XSHE,2285
797,002286.XSHE,2286
798,002287.XSHE,2287
799,002288.XSHE,2288
800,002289.XSHE,2289
801,002290.XSHE,2290
802,002291.XSHE,2291
803,002292.XSHE,2292
804,002293.XSHE,2293
805,002294.XSHE,2294
806,002295.XSHE,2295
807,002296.XSHE,2296
808,002297.XSHE,2297
809,002298.XSHE,2298
810,002299.XSHE,2299
811,002300.XSHE,2300
812,002301.XSHE,2301
813,002302.XSHE,2302
814,002303.XSHE,2303
815,002304.XSHE,2304
816,002305.XSHE,2305
817,002306.XSHE,2306
818,002307.XSHE,2307
819,002308.XSHE,2308
820,002309.XSHE,2309
821,002310.XSHE,2310
822,002311.XSHE,2311
823,002312.XSHE,2312
824,002313.XSHE,2313
825,002314.XSHE,2314
826,002315.XSHE,2315
827,002316.XSHE,2316
828,002317.XSHE,2317
829,002318.XSHE,2318
830,002319.XSHE,2319
831,002320.XSHE,2320
832,002321.XSHE,2321
833,002322.XSHE,2322
834,002323.XSHE,2323
835,002324.XSHE,2324
836,002325.XSHE,2325
837,002326.XSHE,2326
838,002327.XSHE,2327
839,002328.XSHE,2328
840,002329.XSHE,2329
841,002330.XSHE,2330
842,002331.XSHE,2331
843,002332.XSHE,2332
844,002333.XSHE,2333
845,002334.XSHE,2334
846,002335.XSHE,2335
847,002336.XSHE,2336
848,002337.XSHE,2337
849,002338.XSHE,2338
850,002339.XSHE,2339
851,002340.XSHE,2340
852,002341.XSHE,2341
853,002342.XSHE,2342
854,002343.XSHE,2343
855,002344.XSHE,2344
856,002345.XSHE,2345
857,002346.XSHE,2346
858,002347.XSHE,2347
859,002348.XSHE,2348
860,002349.XSHE,2349
861,002350.XSHE,2350
862,002351.XSHE,2351
863,002352.XSHE,2352
864,002353.XSHE,2353
865,002354.XSHE,2354
866,002355.XSHE,2355
867,002356.XSHE,2356
868,002357.XSHE,2357
869,002358.XSHE,2358
870,002359.XSHE,2359
871,002360.XSHE,2360
872,002361.XSHE,2361
873,002362.XSHE,2362
874,002363.XSHE,2363
875,002364.XSHE,2364
876,002365.XSHE,2365
877,002366.XSHE,2366
878,002367.XSHE,2367
879,002368.XSHE,2368
880,002369.XSHE,2369
881,002370.XSHE,2370
882,002371.XSHE,2371
883,002372.XSHE,2372
884,002373.XSHE,2373
885,002374.XSHE,2374
886,002375.XSHE,2375
887,002376.XSHE,2376
888,002377.XSHE,2377
889,002378.XSHE,2378
890,002379.XSHE,2379
891,002380.XSHE,2380
892,002381.XSHE,2381
893,002382.XSHE,2382
894,002383.XSHE,2383
895,002384.XSHE,2384
896,002385.XSHE,2385
897,002386.XSHE,2386
898,002387.XSHE,2387
899,002388.XSHE,2388
900,002389.XSHE,2389
901,002390.XSHE,2390
902,002391.XSHE,2391
903,002392.XSHE,2392
904,002393.XSHE,2393
905,002394.XSHE,2394
906,002395.XSHE,2395
907,002396.XSHE,2396
908,002397.XSHE,2397
909,002398.XSHE,2398
910,002399.XSHE,2399
911,002400.XSHE,2400
912,002401.XSHE,2401
913,002402.XSHE,2402
914,002403.XSHE,2403
915,002404.XSHE,2404
916,002405.XSHE,2405
917,002406.XSHE,2406
918,002407.XSHE,2407
919,002408.XSHE,2408
920,002409.XSHE,2409
921,002410.XSHE,2410
922,002411.XSHE,2411
923,002412.XSHE,2412
924,002413.XSHE,2413
925,002414.XSHE,2414
926,002415.XSHE,2415
927,002416.XSHE,2416
928,002417.XSHE,2417
929,002418.XSHE,2418
930,002419.XSHE,2419
931,002420.XSHE,2420
932,002421.XSHE,2421
933,002422.XSHE,2422
934,002423.XSHE,2423
935,002424.XSHE,2424
936,002425.XSHE,2425
937,002426.XSHE,2426
938,002427.XSHE,2427
939,002428.XSHE,2428
940,002429.XSHE,2429
941,002430.XSHE,2430
942,002431.XSHE,2431
943,002432.XSHE,2432
944,002433.XSHE,2433
945,002434.XSHE,2434
946,002435.XSHE,2435
947,002436.XSHE,2436
948,002437.XSHE,2437
949,002438.XSHE,2438
950,002439.XSHE,2439
951,002440.XSHE,2440
952,002441.XSHE,2441
953,002442.XSHE,2442
954,002443.XSHE,2443
955,002444.XSHE,2444
956,002445.XSHE,2445
957,002446.XSHE,2446
958,002447.XSHE,2447
959,002448.XSHE,2448
960,002449.XSHE,2449
961,002450.XSHE,2450
962,002451.XSHE,2451
963,002452.XSHE,2452
964,002453.XSHE,2453
965,002454.XSHE,2454
966,002455.XSHE,2455
967,002456.XSHE,2456
968,002457.XSHE,2457
969,002458.XSHE,2458
970,002459.XSHE,2459
971,002460.XSHE,2460
972,002461.XSHE,2461
973,002462.XSHE,2462
974,002463.XSHE,2463
975,002464.XSHE,2464
976,002465.XSHE,2465
977,002466.XSHE,2466
978,002467.XSHE,2467
979,002468.XSHE,2468
980,002469.XSHE,2469
981,002470.XSHE,2470
982,002471.XSHE,2471
983,002472.XSHE,2472
984,002473.XSHE,2473
985,002474.XSHE,2474
986,002475.XSHE,2475
987,002476.XSHE,2476
988,002477.XSHE,2477
989,002478.XSHE,2478
990,002479.XSHE,2479
991,002480.XSHE,2480
992,002481.XSHE,2481
993,002482.XSHE,2482
994,002483.XSHE,2483
995,002484.XSHE,2484
996,002485.XSHE,2485
997,002486.XSHE,2486
998,002487.XSHE,2487
999,002488.XSHE,2488
1000,002489.XSHE,2489
1001,002490.XSHE,2490
1002,002491.XSHE,2491
1003,002492.XSHE,2492
1004,002493.XSHE,2493
1005,002494.XSHE,2494
1006,002495.XSHE,2495
1007,002496.XSHE,2496
1008,002497.XSHE,2497
1009,002498.XSHE,2498
1010,002499.XSHE,2499
1011,002500.XSHE,2500
1012,002501.XSHE,2501
1013,002502.XSHE,2502
1014,002503.XSHE,2503
1015,002504.XSHE,2504
1016,002505.XSHE,2505
1017,002506.XSHE,2506
1018,002507.XSHE,2507
1019,002508.XSHE,2508
1020,002509.XSHE,2509
1021,002510.XSHE,2510
1022,002511.XSHE,2511
1023,002512.XSHE,2512
1024,002513.XSHE,2513
1025,002514.XSHE,2514
1026,002515.XSHE,2515
1027,002516.XSHE,2516
1028,002517.XSHE,2517
1029,002518.XSHE,2518
1030,002519.XSHE,2519
1031,002520.XSHE,2520
1032,002521.XSHE,2521
1033,002522.XSHE,2522
1034,002523.XSHE,2523
1035,002524.XSHE,2524
1036,002525.XSHE,2525
1037,002526.XSHE,2526
1038,002527.XSHE,2527
1039,002528.XSHE,2528
1040,002529.XSHE,2529
1041,002530.XSHE,2530
1042,002531.XSHE,2531
1043,002532.XSHE,2532
1044,002533.XSHE,2533
1045,002534.XSHE,2534
1046,002535.XSHE,2535
1047,002536.XSHE,2536
1048,002537.XSHE,2537
1049,002538.XSHE,2538
1050,002539.XSHE,2539
1051,002540.XSHE,2540
1052,002541.XSHE,2541
1053,002542.XSHE,2542
1054,002543.XSHE,2543
1055,002544.XSHE,2544
1056,002545.XSHE,2545
1057,002546.XSHE,2546
1058,002547.XSHE,2547
1059,002548.XSHE,2548
1060,002549.XSHE,2549
1061,002550.XSHE,2550
1062,002551.XSHE,2551
1063,002552.XSHE,2552
1064,002553.XSHE,2553
1065,002554.XSHE,2554
1066,002555.XSHE,2555
1067,002556.XSHE,2556
1068,002557.XSHE,2557
1069,002558.XSHE,2558
1070,002559.XSHE,2559
1071,002560.XSHE,2560
1072,002561.XSHE,2561
1073,002562.XSHE,2562
1074,002563.XSHE,2563
1075,002564.XSHE,2564
1076,002565.XSHE,2565
1077,002566.XSHE,2566
1078,002567.XSHE,2567
1079,002568.XSHE,2568
1080,002569.XSHE,2569
1081,002570.XSHE,2570
1082,002571.XSHE,2571
1083,002572.XSHE,2572
1084,002573.XSHE,2573
1085,002574.XSHE,2574
1086,002575.XSHE,2575
1087,002576.XSHE,2576
1088,002577.XSHE,2577
1089,002578.XSHE,2578
1090,002579.XSHE,2579
1091,002580.XSHE,2580
1092,002581.XSHE,2581
1093,002582.XSHE,2582
1094,002583.XSHE,2583
1095,002584.XSHE,2584
1096,002585.XSHE,2585
1097,002586.XSHE,2586
1098,002587.XSHE,2587
1099,002588.XSHE,2588
1100,002589.XSHE,2589
1101,002590.XSHE,2590
1102,002591.XSHE,2591
1103,002592.XSHE,2592
1104,002593.XSHE,2593
1105,002594.XSHE,2594
1106,002595.XSHE,2595
1107,002596.XSHE,2596
1108,002597.XSHE,2597
1109,002598.XSHE,2598
1110,002599.XSHE,2599
1111,002600.XSHE,2600
1112,002601.XSHE,2601
1113,002602.XSHE,2602
1114,002603.XSHE,2603
1115,002604.XSHE,2604
1116,002605.XSHE,2605
1117,002606.XSHE,2606
1118,002607.XSHE,2607
1119,002608.XSHE,2608
1120,002609.XSHE,2609
1121,002610.XSHE,2610
1122,002611.XSHE,2611
1123,002612.XSHE,2612
1124,002613.XSHE,2613
1125,002614.XSHE,2614
1126,002615.XSHE,2615
1127,002616.XSHE,2616
1128,002617.XSHE,2617
1129,002618.XSHE,2618
1130,002619.XSHE,2619
1131,002620.XSHE,2620
1132,002621.XSHE,2621
1133,002622.XSHE,2622
1134,002623.XSHE,2623
1135,002624.XSHE,2624
1136,002625.XSHE,2625
1137,002626.XSHE,2626
1138,002627.XSHE,2627
1139,002628.XSHE,2628
1140,002629.XSHE,2629
1141,002630.XSHE,2630
1142,002631.XSHE,2631
1143,002632.XSHE,2632
1144,002633.XSHE,2633
1145,002634.XSHE,2634
1146,002635.XSHE,2635
1147,002636.XSHE,2636
1148,002637.XSHE,2637
1149,002638.XSHE,2638
1150,002639.XSHE,2639
1151,002640.XSHE,2640
1152,002641.XSHE,2641
1153,002642.XSHE,2642
1154,002643.XSHE,2643
1155,002644.XSHE,2644
1156,002645.XSHE,2645
1157,002646.XSHE,2646
1158,002647.XSHE,2647
1159,002648.XSHE,2648
1160,002649.XSHE,2649
1161,002650.XSHE,2650
1162,002651.XSHE,2651
1163,002652.XSHE,2652
1164,002653.XSHE,2653
1165,002654.XSHE,2654
1166,002655.XSHE,2655
1167,002656.XSHE,2656
1168,002657.XSHE,2657
1169,002658.XSHE,2658
1170,002659.XSHE,2659
1171,002660.XSHE,2660
1172,002661.XSHE,2661
1173,002662.XSHE,2662
1174,002663.XSHE,2663
1175,002664.XSHE,2664
1176,002665.XSHE,2665
1177,002666.XSHE,2666
1178,002667.XSHE,2667
1179,002668.XSHE,2668
1180,002669.XSHE,2669
1181,002670.XSHE,2670
1182,002671.XSHE,2671
1183,002672.XSHE,2672
1184,002673.XSHE,2673
1185,002674.XSHE,2674
1186,002675.XSHE,2675
1187,002676.XSHE,2676
1188,002677.XSHE,2677
1189,002678.XSHE,2678
1190,002679.XSHE,2679
1191,002680.XSHE,2680
1192,002681.XSHE,2681
1193,002682.XSHE,2682
1194,002683.XSHE,2683
1195,002684.XSHE,2684
1196,002685.XSHE,2685
1197,002686.XSHE,2686
1198,002687.XSHE,2687
1199,002688.XSHE,2688
1200,002689.XSHE,2689
1201,002690.XSHE,2690
1202,002691.XSHE,2691
1203,002692.XSHE,2692
1204,002693.XSHE,2693
1205,002694.XSHE,2694
1206,002695.XSHE,2695
1207,002696.XSHE,2696
1208,002697.XSHE,2697
1209,002698.XSHE,2698
1210,002699.XSHE,2699
1211,002700.XSHE,2700
1212,002701.XSHE,2701
1213,002702.XSHE,2702
1214,002703.XSHE,2703
1215,002705.XSHE,2705
1216,002706.XSHE,2706
1217,002707.XSHE,2707
1218,002708.XSHE,2708
1219,002709.XSHE,2709
1220,002710.XSHE,2710
1221,002711.XSHE,2711
1222,002712.XSHE,2712
1223,002713.XSHE,2713
1224,002714.XSHE,2714
1225,002715.XSHE,2715
1226,002716.XSHE,2716
1227,002717.XSHE,2717
1228,002718.XSHE,2718
1229,002719.XSHE,2719
1230,002720.XSHE,2720
1231,002721.XSHE,2721
1232,002722.XSHE,2722
1233,002723.XSHE,2723
1234,002724.XSHE,2724
1235,002725.XSHE,2725
1236,002726.XSHE,2726
1237,002727.XSHE,2727
1238,002728.XSHE,2728
1239,002729.XSHE,2729
1240,002730.XSHE,2730
1241,002731.XSHE,2731
1242,002732.XSHE,2732
1243,002733.XSHE,2733
1244,002734.XSHE,2734
1245,002735.XSHE,2735
1246,002736.XSHE,2736
1247,002737.XSHE,2737
1248,002738.XSHE,2738
1249,002739.XSHE,2739
1250,002740.XSHE,2740
1251,002741.XSHE,2741
1252,002742.XSHE,2742
1253,002743.XSHE,2743
1254,002745.XSHE,2745
1255,002746.XSHE,2746
1256,002747.XSHE,2747
1257,002748.XSHE,2748
1258,002749.XSHE,2749
1259,002750.XSHE,2750
1260,002751.XSHE,2751
1261,002752.XSHE,2752
1262,002753.XSHE,2753
1263,002755.XSHE,2755
1264,002756.XSHE,2756
1265,002757.XSHE,2757
1266,002758.XSHE,2758
1267,002759.XSHE,2759
1268,002760.XSHE,2760
1269,002761.XSHE,2761
1270,002762.XSHE,2762
1271,002763.XSHE,2763
1272,002765.XSHE,2765
1273,002766.XSHE,2766
1274,002767.XSHE,2767
1275,002768.XSHE,2768
1276,002769.XSHE,2769
1277,002770.XSHE,2770
1278,002771.XSHE,2771
1279,002772.XSHE,2772
1280,002773.XSHE,2773
1281,002774.XSHE,2774
1282,002775.XSHE,2775
1283,002776.XSHE,2776
1284,002777.XSHE,2777
1285,002778.XSHE,2778
1286,002779.XSHE,2779
1287,002780.XSHE,2780
1288,002781.XSHE,2781
1289,002782.XSHE,2782
1290,002783.XSHE,2783
1291,002785.XSHE,2785
1292,002786.XSHE,2786
1293,002787.XSHE,2787
1294,002788.XSHE,2788
1295,002789.XSHE,2789
1296,002790.XSHE,2790
1297,002791.XSHE,2791
1298,002792.XSHE,2792
1299,002793.XSHE,2793
1300,002795.XSHE,2795
1301,002796.XSHE,2796
1302,002797.XSHE,2797
1303,002798.XSHE,2798
1304,002799.XSHE,2799
1305,002800.XSHE,2800
1306,002801.XSHE,2801
1307,002802.XSHE,2802
1308,002803.XSHE,2803
1309,002805.XSHE,2805
1310,002806.XSHE,2806
1311,002807.XSHE,2807
1312,002808.XSHE,2808
1313,002809.XSHE,2809
1314,002810.XSHE,2810
1315,002811.XSHE,2811
1316,002812.XSHE,2812
1317,002813.XSHE,2813
1318,002815.XSHE,2815
1319,002816.XSHE,2816
1320,002817.XSHE,2817
1321,002818.XSHE,2818
1322,002819.XSHE,2819
1323,002820.XSHE,2820
1324,002821.XSHE,2821
1325,002822.XSHE,2822
1326,002823.XSHE,2823
1327,002824.XSHE,2824
1328,002825.XSHE,2825
1329,002826.XSHE,2826
1330,002827.XSHE,2827
1331,002828.XSHE,2828
1332,002829.XSHE,2829
1333,002830.XSHE,2830
1334,002831.XSHE,2831
1335,002832.XSHE,2832
1336,002833.XSHE,2833
1337,002835.XSHE,2835
1338,002836.XSHE,2836
1339,002837.XSHE,2837
1340,002838.XSHE,2838
1341,002839.XSHE,2839
1342,002840.XSHE,2840
1343,002841.XSHE,2841
1344,002842.XSHE,2842
1345,002843.XSHE,2843
1346,002845.XSHE,2845
1347,002846.XSHE,2846
1348,002847.XSHE,2847
1349,002848.XSHE,2848
1350,002849.XSHE,2849
1351,002850.XSHE,2850
1352,002851.XSHE,2851
1353,002852.XSHE,2852
1354,002853.XSHE,2853
1355,002855.XSHE,2855
1356,002856.XSHE,2856
1357,002857.XSHE,2857
1358,002858.XSHE,2858
1359,002859.XSHE,2859
1360,002860.XSHE,2860
1361,002861.XSHE,2861
1362,002862.XSHE,2862
1363,002863.XSHE,2863
1364,002864.XSHE,2864
1365,002865.XSHE,2865
1366,002866.XSHE,2866
1367,002867.XSHE,2867
1368,002868.XSHE,2868
1369,002869.XSHE,2869
1370,002870.XSHE,2870
1371,002871.XSHE,2871
1372,002872.XSHE,2872
1373,002873.XSHE,2873
1374,002875.XSHE,2875
1375,002876.XSHE,2876
1376,002877.XSHE,2877
1377,002878.XSHE,2878
1378,002879.XSHE,2879
1379,002880.XSHE,2880
1380,002881.XSHE,2881
1381,002882.XSHE,2882
1382,002883.XSHE,2883
1383,002884.XSHE,2884
1384,002885.XSHE,2885
1385,002886.XSHE,2886
1386,002887.XSHE,2887
1387,002888.XSHE,2888
1388,002889.XSHE,2889
1389,002890.XSHE,2890
1390,002891.XSHE,2891
1391,002892.XSHE,2892
1392,002893.XSHE,2893
1393,002895.XSHE,2895
1394,002896.XSHE,2896
1395,002897.XSHE,2897
1396,002898.XSHE,2898
1397,002899.XSHE,2899
1398,002900.XSHE,2900
1399,002901.XSHE,2901
1400,002902.XSHE,2902
1401,002903.XSHE,2903
1402,002905.XSHE,2905
1403,002906.XSHE,2906
1404,002907.XSHE,2907
1405,002908.XSHE,2908
1406,002909.XSHE,2909
1407,002910.XSHE,2910
1408,002911.XSHE,2911
1409,002912.XSHE,2912
1410,002913.XSHE,2913
1411,002915.XSHE,2915
1412,002916.XSHE,2916
1413,002917.XSHE,2917
1414,002918.XSHE,2918
1415,002919.XSHE,2919
1416,002920.XSHE,2920
1417,002921.XSHE,2921
1418,002922.XSHE,2922
1419,002923.XSHE,2923
1420,002925.XSHE,2925
1421,002926.XSHE,2926
1422,002927.XSHE,2927
1423,002928.XSHE,2928
1424,002929.XSHE,2929
1425,002930.XSHE,2930
1426,002931.XSHE,2931
1427,002932.XSHE,2932
1428,002933.XSHE,2933
1429,002935.XSHE,2935
1430,002936.XSHE,2936
1431,002937.XSHE,2937
1432,002938.XSHE,2938
1433,002939.XSHE,2939
1434,002940.XSHE,2940
1435,002941.XSHE,2941
1436,002942.XSHE,2942
1437,002943.XSHE,2943
1438,002945.XSHE,2945
1439,002946.XSHE,2946
1440,002947.XSHE,2947
1441,002948.XSHE,2948
1442,002949.XSHE,2949
1443,002950.XSHE,2950
1444,002951.XSHE,2951
1445,002952.XSHE,2952
1446,002953.XSHE,2953
1447,002955.XSHE,2955
1448,002958.XSHE,2958
1449,300001.XSHE,300001
1450,300002.XSHE,300002
1451,300003.XSHE,300003
1452,300004.XSHE,300004
1453,300005.XSHE,300005
1454,300006.XSHE,300006
1455,300007.XSHE,300007
1456,300008.XSHE,300008
1457,300009.XSHE,300009
1458,300010.XSHE,300010
1459,300011.XSHE,300011
1460,300012.XSHE,300012
1461,300013.XSHE,300013
1462,300014.XSHE,300014
1463,300015.XSHE,300015
1464,300016.XSHE,300016
1465,300017.XSHE,300017
1466,300018.XSHE,300018
1467,300019.XSHE,300019
1468,300020.XSHE,300020
1469,300021.XSHE,300021
1470,300022.XSHE,300022
1471,300023.XSHE,300023
1472,300024.XSHE,300024
1473,300025.XSHE,300025
1474,300026.XSHE,300026
1475,300027.XSHE,300027
1476,300028.XSHE,300028
1477,300029.XSHE,300029
1478,300030.XSHE,300030
1479,300031.XSHE,300031
1480,300032.XSHE,300032
1481,300033.XSHE,300033
1482,300034.XSHE,300034
1483,300035.XSHE,300035
1484,300036.XSHE,300036
1485,300037.XSHE,300037
1486,300038.XSHE,300038
1487,300039.XSHE,300039
1488,300040.XSHE,300040
1489,300041.XSHE,300041
1490,300042.XSHE,300042
1491,300043.XSHE,300043
1492,300044.XSHE,300044
1493,300045.XSHE,300045
1494,300046.XSHE,300046
1495,300047.XSHE,300047
1496,300048.XSHE,300048
1497,300049.XSHE,300049
1498,300050.XSHE,300050
1499,300051.XSHE,300051
1500,300052.XSHE,300052
1501,300053.XSHE,300053
1502,300054.XSHE,300054
1503,300055.XSHE,300055
1504,300056.XSHE,300056
1505,300057.XSHE,300057
1506,300058.XSHE,300058
1507,300059.XSHE,300059
1508,300060.XSHE,300060
1509,300061.XSHE,300061
1510,300062.XSHE,300062
1511,300063.XSHE,300063
1512,300064.XSHE,300064
1513,300065.XSHE,300065
1514,300066.XSHE,300066
1515,300067.XSHE,300067
1516,300068.XSHE,300068
1517,300069.XSHE,300069
1518,300070.XSHE,300070
1519,300071.XSHE,300071
1520,300072.XSHE,300072
1521,300073.XSHE,300073
1522,300074.XSHE,300074
1523,300075.XSHE,300075
1524,300076.XSHE,300076
1525,300077.XSHE,300077
1526,300078.XSHE,300078
1527,300079.XSHE,300079
1528,300080.XSHE,300080
1529,300081.XSHE,300081
1530,300082.XSHE,300082
1531,300083.XSHE,300083
1532,300084.XSHE,300084
1533,300085.XSHE,300085
1534,300086.XSHE,300086
1535,300087.XSHE,300087
1536,300088.XSHE,300088
1537,300089.XSHE,300089
1538,300090.XSHE,300090
1539,300091.XSHE,300091
1540,300092.XSHE,300092
1541,300093.XSHE,300093
1542,300094.XSHE,300094
1543,300095.XSHE,300095
1544,300096.XSHE,300096
1545,300097.XSHE,300097
1546,300098.XSHE,300098
1547,300099.XSHE,300099
1548,300100.XSHE,300100
1549,300101.XSHE,300101
1550,300102.XSHE,300102
1551,300103.XSHE,300103
1552,300104.XSHE,300104
1553,300105.XSHE,300105
1554,300106.XSHE,300106
1555,300107.XSHE,300107
1556,300108.XSHE,300108
1557,300109.XSHE,300109
1558,300110.XSHE,300110
1559,300111.XSHE,300111
1560,300112.XSHE,300112
1561,300113.XSHE,300113
1562,300114.XSHE,300114
1563,300115.XSHE,300115
1564,300116.XSHE,300116
1565,300117.XSHE,300117
1566,300118.XSHE,300118
1567,300119.XSHE,300119
1568,300120.XSHE,300120
1569,300121.XSHE,300121
1570,300122.XSHE,300122
1571,300123.XSHE,300123
1572,300124.XSHE,300124
1573,300125.XSHE,300125
1574,300126.XSHE,300126
1575,300127.XSHE,300127
1576,300128.XSHE,300128
1577,300129.XSHE,300129
1578,300130.XSHE,300130
1579,300131.XSHE,300131
1580,300132.XSHE,300132
1581,300133.XSHE,300133
1582,300134.XSHE,300134
1583,300135.XSHE,300135
1584,300136.XSHE,300136
1585,300137.XSHE,300137
1586,300138.XSHE,300138
1587,300139.XSHE,300139
1588,300140.XSHE,300140
1589,300141.XSHE,300141
1590,300142.XSHE,300142
1591,300143.XSHE,300143
1592,300144.XSHE,300144
1593,300145.XSHE,300145
1594,300146.XSHE,300146
1595,300147.XSHE,300147
1596,300148.XSHE,300148
1597,300149.XSHE,300149
1598,300150.XSHE,300150
1599,300151.XSHE,300151
1600,300152.XSHE,300152
1601,300153.XSHE,300153
1602,300154.XSHE,300154
1603,300155.XSHE,300155
1604,300156.XSHE,300156
1605,300157.XSHE,300157
1606,300158.XSHE,300158
1607,300159.XSHE,300159
1608,300160.XSHE,300160
1609,300161.XSHE,300161
1610,300162.XSHE,300162
1611,300163.XSHE,300163
1612,300164.XSHE,300164
1613,300165.XSHE,300165
1614,300166.XSHE,300166
1615,300167.XSHE,300167
1616,300168.XSHE,300168
1617,300169.XSHE,300169
1618,300170.XSHE,300170
1619,300171.XSHE,300171
1620,300172.XSHE,300172
1621,300173.XSHE,300173
1622,300174.XSHE,300174
1623,300175.XSHE,300175
1624,300176.XSHE,300176
1625,300177.XSHE,300177
1626,300178.XSHE,300178
1627,300179.XSHE,300179
1628,300180.XSHE,300180
1629,300181.XSHE,300181
1630,300182.XSHE,300182
1631,300183.XSHE,300183
1632,300184.XSHE,300184
1633,300185.XSHE,300185
1634,300186.XSHE,300186
1635,300187.XSHE,300187
1636,300188.XSHE,300188
1637,300189.XSHE,300189
1638,300190.XSHE,300190
1639,300191.XSHE,300191
1640,300192.XSHE,300192
1641,300193.XSHE,300193
1642,300194.XSHE,300194
1643,300195.XSHE,300195
1644,300196.XSHE,300196
1645,300197.XSHE,300197
1646,300198.XSHE,300198
1647,300199.XSHE,300199
1648,300200.XSHE,300200
1649,300201.XSHE,300201
1650,300202.XSHE,300202
1651,300203.XSHE,300203
1652,300204.XSHE,300204
1653,300205.XSHE,300205
1654,300206.XSHE,300206
1655,300207.XSHE,300207
1656,300208.XSHE,300208
1657,300209.XSHE,300209
1658,300210.XSHE,300210
1659,300211.XSHE,300211
1660,300212.XSHE,300212
1661,300213.XSHE,300213
1662,300214.XSHE,300214
1663,300215.XSHE,300215
1664,300216.XSHE,300216
1665,300217.XSHE,300217
1666,300218.XSHE,300218
1667,300219.XSHE,300219
1668,300220.XSHE,300220
1669,300221.XSHE,300221
1670,300222.XSHE,300222
1671,300223.XSHE,300223
1672,300224.XSHE,300224
1673,300225.XSHE,300225
1674,300226.XSHE,300226
1675,300227.XSHE,300227
1676,300228.XSHE,300228
1677,300229.XSHE,300229
1678,300230.XSHE,300230
1679,300231.XSHE,300231
1680,300232.XSHE,300232
1681,300233.XSHE,300233
1682,300234.XSHE,300234
1683,300235.XSHE,300235
1684,300236.XSHE,300236
1685,300237.XSHE,300237
1686,300238.XSHE,300238
1687,300239.XSHE,300239
1688,300240.XSHE,300240
1689,300241.XSHE,300241
1690,300242.XSHE,300242
1691,300243.XSHE,300243
1692,300244.XSHE,300244
1693,300245.XSHE,300245
1694,300246.XSHE,300246
1695,300247.XSHE,300247
1696,300248.XSHE,300248
1697,300249.XSHE,300249
1698,300250.XSHE,300250
1699,300251.XSHE,300251
1700,300252.XSHE,300252
1701,300253.XSHE,300253
1702,300254.XSHE,300254
1703,300255.XSHE,300255
1704,300256.XSHE,300256
1705,300257.XSHE,300257
1706,300258.XSHE,300258
1707,300259.XSHE,300259
1708,300260.XSHE,300260
1709,300261.XSHE,300261
1710,300262.XSHE,300262
1711,300263.XSHE,300263
1712,300264.XSHE,300264
1713,300265.XSHE,300265
1714,300266.XSHE,300266
1715,300267.XSHE,300267
1716,300268.XSHE,300268
1717,300269.XSHE,300269
1718,300270.XSHE,300270
1719,300271.XSHE,300271
1720,300272.XSHE,300272
1721,300273.XSHE,300273
1722,300274.XSHE,300274
1723,300275.XSHE,300275
1724,300276.XSHE,300276
1725,300277.XSHE,300277
1726,300278.XSHE,300278
1727,300279.XSHE,300279
1728,300280.XSHE,300280
1729,300281.XSHE,300281
1730,300282.XSHE,300282
1731,300283.XSHE,300283
1732,300284.XSHE,300284
1733,300285.XSHE,300285
1734,300286.XSHE,300286
1735,300287.XSHE,300287
1736,300288.XSHE,300288
1737,300289.XSHE,300289
1738,300290.XSHE,300290
1739,300291.XSHE,300291
1740,300292.XSHE,300292
1741,300293.XSHE,300293
1742,300294.XSHE,300294
1743,300295.XSHE,300295
1744,300296.XSHE,300296
1745,300297.XSHE,300297
1746,300298.XSHE,300298
1747,300299.XSHE,300299
1748,300300.XSHE,300300
1749,300301.XSHE,300301
1750,300302.XSHE,300302
1751,300303.XSHE,300303
1752,300304.XSHE,300304
1753,300305.XSHE,300305
1754,300306.XSHE,300306
1755,300307.XSHE,300307
1756,300308.XSHE,300308
1757,300309.XSHE,300309
1758,300310.XSHE,300310
1759,300311.XSHE,300311
1760,300312.XSHE,300312
1761,300313.XSHE,300313
1762,300314.XSHE,300314
1763,300315.XSHE,300315
1764,300316.XSHE,300316
1765,300317.XSHE,300317
1766,300318.XSHE,300318
1767,300319.XSHE,300319
1768,300320.XSHE,300320
1769,300321.XSHE,300321
1770,300322.XSHE,300322
1771,300323.XSHE,300323
1772,300324.XSHE,300324
1773,300325.XSHE,300325
1774,300326.XSHE,300326
1775,300327.XSHE,300327
1776,300328.XSHE,300328
1777,300329.XSHE,300329
1778,300330.XSHE,300330
1779,300331.XSHE,300331
1780,300332.XSHE,300332
1781,300333.XSHE,300333
1782,300334.XSHE,300334
1783,300335.XSHE,300335
1784,300336.XSHE,300336
1785,300337.XSHE,300337
1786,300338.XSHE,300338
1787,300339.XSHE,300339
1788,300340.XSHE,300340
1789,300341.XSHE,300341
1790,300342.XSHE,300342
1791,300343.XSHE,300343
1792,300344.XSHE,300344
1793,300345.XSHE,300345
1794,300346.XSHE,300346
1795,300347.XSHE,300347
1796,300348.XSHE,300348
1797,300349.XSHE,300349
1798,300350.XSHE,300350
1799,300351.XSHE,300351
1800,300352.XSHE,300352
1801,300353.XSHE,300353
1802,300354.XSHE,300354
1803,300355.XSHE,300355
1804,300356.XSHE,300356
1805,300357.XSHE,300357
1806,300358.XSHE,300358
1807,300359.XSHE,300359
1808,300360.XSHE,300360
1809,300361.XSHE,300361
1810,300362.XSHE,300362
1811,300363.XSHE,300363
1812,300364.XSHE,300364
1813,300365.XSHE,300365
1814,300366.XSHE,300366
1815,300367.XSHE,300367
1816,300368.XSHE,300368
1817,300369.XSHE,300369
1818,300370.XSHE,300370
1819,300371.XSHE,300371
1820,300372.XSHE,300372
1821,300373.XSHE,300373
1822,300374.XSHE,300374
1823,300375.XSHE,300375
1824,300376.XSHE,300376
1825,300377.XSHE,300377
1826,300378.XSHE,300378
1827,300379.XSHE,300379
1828,300380.XSHE,300380
1829,300381.XSHE,300381
1830,300382.XSHE,300382
1831,300383.XSHE,300383
1832,300384.XSHE,300384
1833,300385.XSHE,300385
1834,300386.XSHE,300386
1835,300387.XSHE,300387
1836,300388.XSHE,300388
1837,300389.XSHE,300389
1838,300390.XSHE,300390
1839,300391.XSHE,300391
1840,300392.XSHE,300392
1841,300393.XSHE,300393
1842,300394.XSHE,300394
1843,300395.XSHE,300395
1844,300396.XSHE,300396
1845,300397.XSHE,300397
1846,300398.XSHE,300398
1847,300399.XSHE,300399
1848,300400.XSHE,300400
1849,300401.XSHE,300401
1850,300402.XSHE,300402
1851,300403.XSHE,300403
1852,300404.XSHE,300404
1853,300405.XSHE,300405
1854,300406.XSHE,300406
1855,300407.XSHE,300407
1856,300408.XSHE,300408
1857,300409.XSHE,300409
1858,300410.XSHE,300410
1859,300411.XSHE,300411
1860,300412.XSHE,300412
1861,300413.XSHE,300413
1862,300414.XSHE,300414
1863,300415.XSHE,300415
1864,300416.XSHE,300416
1865,300417.XSHE,300417
1866,300418.XSHE,300418
1867,300419.XSHE,300419
1868,300420.XSHE,300420
1869,300421.XSHE,300421
1870,300422.XSHE,300422
1871,300423.XSHE,300423
1872,300424.XSHE,300424
1873,300425.XSHE,300425
1874,300426.XSHE,300426
1875,300427.XSHE,300427
1876,300428.XSHE,300428
1877,300429.XSHE,300429
1878,300430.XSHE,300430
1879,300431.XSHE,300431
1880,300432.XSHE,300432
1881,300433.XSHE,300433
1882,300434.XSHE,300434
1883,300435.XSHE,300435
1884,300436.XSHE,300436
1885,300437.XSHE,300437
1886,300438.XSHE,300438
1887,300439.XSHE,300439
1888,300440.XSHE,300440
1889,300441.XSHE,300441
1890,300442.XSHE,300442
1891,300443.XSHE,300443
1892,300444.XSHE,300444
1893,300445.XSHE,300445
1894,300446.XSHE,300446
1895,300447.XSHE,300447
1896,300448.XSHE,300448
1897,300449.XSHE,300449
1898,300450.XSHE,300450
1899,300451.XSHE,300451
1900,300452.XSHE,300452
1901,300453.XSHE,300453
1902,300454.XSHE,300454
1903,300455.XSHE,300455
1904,300456.XSHE,300456
1905,300457.XSHE,300457
1906,300458.XSHE,300458
1907,300459.XSHE,300459
1908,300460.XSHE,300460
1909,300461.XSHE,300461
1910,300462.XSHE,300462
1911,300463.XSHE,300463
1912,300464.XSHE,300464
1913,300465.XSHE,300465
1914,300466.XSHE,300466
1915,300467.XSHE,300467
1916,300468.XSHE,300468
1917,300469.XSHE,300469
1918,300470.XSHE,300470
1919,300471.XSHE,300471
1920,300472.XSHE,300472
1921,300473.XSHE,300473
1922,300474.XSHE,300474
1923,300475.XSHE,300475
1924,300476.XSHE,300476
1925,300477.XSHE,300477
1926,300478.XSHE,300478
1927,300479.XSHE,300479
1928,300480.XSHE,300480
1929,300481.XSHE,300481
1930,300482.XSHE,300482
1931,300483.XSHE,300483
1932,300484.XSHE,300484
1933,300485.XSHE,300485
1934,300486.XSHE,300486
1935,300487.XSHE,300487
1936,300488.XSHE,300488
1937,300489.XSHE,300489
1938,300490.XSHE,300490
1939,300491.XSHE,300491
1940,300492.XSHE,300492
1941,300493.XSHE,300493
1942,300494.XSHE,300494
1943,300495.XSHE,300495
1944,300496.XSHE,300496
1945,300497.XSHE,300497
1946,300498.XSHE,300498
1947,300499.XSHE,300499
1948,300500.XSHE,300500
1949,300501.XSHE,300501
1950,300502.XSHE,300502
1951,300503.XSHE,300503
1952,300504.XSHE,300504
1953,300505.XSHE,300505
1954,300506.XSHE,300506
1955,300507.XSHE,300507
1956,300508.XSHE,300508
1957,300509.XSHE,300509
1958,300510.XSHE,300510
1959,300511.XSHE,300511
1960,300512.XSHE,300512
1961,300513.XSHE,300513
1962,300514.XSHE,300514
1963,300515.XSHE,300515
1964,300516.XSHE,300516
1965,300517.XSHE,300517
1966,300518.XSHE,300518
1967,300519.XSHE,300519
1968,300520.XSHE,300520
1969,300521.XSHE,300521
1970,300522.XSHE,300522
1971,300523.XSHE,300523
1972,300525.XSHE,300525
1973,300526.XSHE,300526
1974,300527.XSHE,300527
1975,300528.XSHE,300528
1976,300529.XSHE,300529
1977,300530.XSHE,300530
1978,300531.XSHE,300531
1979,300532.XSHE,300532
1980,300533.XSHE,300533
1981,300534.XSHE,300534
1982,300535.XSHE,300535
1983,300536.XSHE,300536
1984,300537.XSHE,300537
1985,300538.XSHE,300538
1986,300539.XSHE,300539
1987,300540.XSHE,300540
1988,300541.XSHE,300541
1989,300542.XSHE,300542
1990,300543.XSHE,300543
1991,300545.XSHE,300545
1992,300546.XSHE,300546
1993,300547.XSHE,300547
1994,300548.XSHE,300548
1995,300549.XSHE,300549
1996,300550.XSHE,300550
1997,300551.XSHE,300551
1998,300552.XSHE,300552
1999,300553.XSHE,300553
2000,300554.XSHE,300554
2001,300555.XSHE,300555
2002,300556.XSHE,300556
2003,300557.XSHE,300557
2004,300558.XSHE,300558
2005,300559.XSHE,300559
2006,300560.XSHE,300560
2007,300561.XSHE,300561
2008,300562.XSHE,300562
2009,300563.XSHE,300563
2010,300565.XSHE,300565
2011,300566.XSHE,300566
2012,300567.XSHE,300567
2013,300568.XSHE,300568
2014,300569.XSHE,300569
2015,300570.XSHE,300570
2016,300571.XSHE,300571
2017,300572.XSHE,300572
2018,300573.XSHE,300573
2019,300575.XSHE,300575
2020,300576.XSHE,300576
2021,300577.XSHE,300577
2022,300578.XSHE,300578
2023,300579.XSHE,300579
2024,300580.XSHE,300580
2025,300581.XSHE,300581
2026,300582.XSHE,300582
2027,300583.XSHE,300583
2028,300584.XSHE,300584
2029,300585.XSHE,300585
2030,300586.XSHE,300586
2031,300587.XSHE,300587
2032,300588.XSHE,300588
2033,300589.XSHE,300589
2034,300590.XSHE,300590
2035,300591.XSHE,300591
2036,300592.XSHE,300592
2037,300593.XSHE,300593
2038,300595.XSHE,300595
2039,300596.XSHE,300596
2040,300597.XSHE,300597
2041,300598.XSHE,300598
2042,300599.XSHE,300599
2043,300600.XSHE,300600
2044,300601.XSHE,300601
2045,300602.XSHE,300602
2046,300603.XSHE,300603
2047,300604.XSHE,300604
2048,300605.XSHE,300605
2049,300606.XSHE,300606
2050,300607.XSHE,300607
2051,300608.XSHE,300608
2052,300609.XSHE,300609
2053,300610.XSHE,300610
2054,300611.XSHE,300611
2055,300612.XSHE,300612
2056,300613.XSHE,300613
2057,300615.XSHE,300615
2058,300616.XSHE,300616
2059,300617.XSHE,300617
2060,300618.XSHE,300618
2061,300619.XSHE,300619
2062,300620.XSHE,300620
2063,300621.XSHE,300621
2064,300622.XSHE,300622
2065,300623.XSHE,300623
2066,300624.XSHE,300624
2067,300625.XSHE,300625
2068,300626.XSHE,300626
2069,300627.XSHE,300627
2070,300628.XSHE,300628
2071,300629.XSHE,300629
2072,300630.XSHE,300630
2073,300631.XSHE,300631
2074,300632.XSHE,300632
2075,300633.XSHE,300633
2076,300634.XSHE,300634
2077,300635.XSHE,300635
2078,300636.XSHE,300636
2079,300637.XSHE,300637
2080,300638.XSHE,300638
2081,300639.XSHE,300639
2082,300640.XSHE,300640
2083,300641.XSHE,300641
2084,300642.XSHE,300642
2085,300643.XSHE,300643
2086,300644.XSHE,300644
2087,300645.XSHE,300645
2088,300646.XSHE,300646
2089,300647.XSHE,300647
2090,300648.XSHE,300648
2091,300649.XSHE,300649
2092,300650.XSHE,300650
2093,300651.XSHE,300651
2094,300652.XSHE,300652
2095,300653.XSHE,300653
2096,300654.XSHE,300654
2097,300655.XSHE,300655
2098,300656.XSHE,300656
2099,300657.XSHE,300657
2100,300658.XSHE,300658
2101,300659.XSHE,300659
2102,300660.XSHE,300660
2103,300661.XSHE,300661
2104,300662.XSHE,300662
2105,300663.XSHE,300663
2106,300664.XSHE,300664
2107,300665.XSHE,300665
2108,300666.XSHE,300666
2109,300667.XSHE,300667
2110,300668.XSHE,300668
2111,300669.XSHE,300669
2112,300670.XSHE,300670
2113,300671.XSHE,300671
2114,300672.XSHE,300672
2115,300673.XSHE,300673
2116,300674.XSHE,300674
2117,300675.XSHE,300675
2118,300676.XSHE,300676
2119,300677.XSHE,300677
2120,300678.XSHE,300678
2121,300679.XSHE,300679
2122,300680.XSHE,300680
2123,300681.XSHE,300681
2124,300682.XSHE,300682
2125,300683.XSHE,300683
2126,300684.XSHE,300684
2127,300685.XSHE,300685
2128,300686.XSHE,300686
2129,300687.XSHE,300687
2130,300688.XSHE,300688
2131,300689.XSHE,300689
2132,300690.XSHE,300690
2133,300691.XSHE,300691
2134,300692.XSHE,300692
2135,300693.XSHE,300693
2136,300694.XSHE,300694
2137,300695.XSHE,300695
2138,300696.XSHE,300696
2139,300697.XSHE,300697
2140,300698.XSHE,300698
2141,300699.XSHE,300699
2142,300700.XSHE,300700
2143,300701.XSHE,300701
2144,300702.XSHE,300702
2145,300703.XSHE,300703
2146,300705.XSHE,300705
2147,300706.XSHE,300706
2148,300707.XSHE,300707
2149,300708.XSHE,300708
2150,300709.XSHE,300709
2151,300710.XSHE,300710
2152,300711.XSHE,300711
2153,300712.XSHE,300712
2154,300713.XSHE,300713
2155,300715.XSHE,300715
2156,300716.XSHE,300716
2157,300717.XSHE,300717
2158,300718.XSHE,300718
2159,300719.XSHE,300719
2160,300720.XSHE,300720
2161,300721.XSHE,300721
2162,300722.XSHE,300722
2163,300723.XSHE,300723
2164,300724.XSHE,300724
2165,300725.XSHE,300725
2166,300726.XSHE,300726
2167,300727.XSHE,300727
2168,300728.XSHE,300728
2169,300729.XSHE,300729
2170,300730.XSHE,300730
2171,300731.XSHE,300731
2172,300732.XSHE,300732
2173,300733.XSHE,300733
2174,300735.XSHE,300735
2175,300736.XSHE,300736
2176,300737.XSHE,300737
2177,300738.XSHE,300738
2178,300739.XSHE,300739
2179,300740.XSHE,300740
2180,300741.XSHE,300741
2181,300742.XSHE,300742
2182,300743.XSHE,300743
2183,300745.XSHE,300745
2184,300746.XSHE,300746
2185,300747.XSHE,300747
2186,300748.XSHE,300748
2187,300749.XSHE,300749
2188,300750.XSHE,300750
2189,300751.XSHE,300751
2190,300752.XSHE,300752
2191,300753.XSHE,300753
2192,300755.XSHE,300755
2193,300756.XSHE,300756
2194,300757.XSHE,300757
2195,300758.XSHE,300758
2196,300759.XSHE,300759
2197,300760.XSHE,300760
2198,300761.XSHE,300761
2199,300762.XSHE,300762
2200,300763.XSHE,300763
2201,300765.XSHE,300765
2202,300766.XSHE,300766
2203,300767.XSHE,300767
2204,300768.XSHE,300768
2205,300769.XSHE,300769
2206,300770.XSHE,300770
2207,300771.XSHE,300771
2208,300772.XSHE,300772
2209,300773.XSHE,300773
2210,300775.XSHE,300775
2211,300776.XSHE,300776
2212,300777.XSHE,300777
2213,300778.XSHE,300778
2214,300779.XSHE,300779
2215,300780.XSHE,300780
2216,300781.XSHE,300781
2217,300782.XSHE,300782
2218,600000.XSHG,600000
2219,600001.XSHG,600001
2220,600002.XSHG,600002
2221,600003.XSHG,600003
2222,600004.XSHG,600004
2223,600005.XSHG,600005
2224,600006.XSHG,600006
2225,600007.XSHG,600007
2226,600008.XSHG,600008
2227,600009.XSHG,600009
2228,600010.XSHG,600010
2229,600011.XSHG,600011
2230,600012.XSHG,600012
2231,600015.XSHG,600015
2232,600016.XSHG,600016
2233,600017.XSHG,600017
2234,600018.XSHG,600018
2235,600019.XSHG,600019
2236,600020.XSHG,600020
2237,600021.XSHG,600021
2238,600022.XSHG,600022
2239,600023.XSHG,600023
2240,600025.XSHG,600025
2241,600026.XSHG,600026
2242,600027.XSHG,600027
2243,600028.XSHG,600028
2244,600029.XSHG,600029
2245,600030.XSHG,600030
2246,600031.XSHG,600031
2247,600033.XSHG,600033
2248,600035.XSHG,600035
2249,600036.XSHG,600036
2250,600037.XSHG,600037
2251,600038.XSHG,600038
2252,600039.XSHG,600039
2253,600048.XSHG,600048
2254,600050.XSHG,600050
2255,600051.XSHG,600051
2256,600052.XSHG,600052
2257,600053.XSHG,600053
2258,600054.XSHG,600054
2259,600055.XSHG,600055
2260,600056.XSHG,600056
2261,600057.XSHG,600057
2262,600058.XSHG,600058
2263,600059.XSHG,600059
2264,600060.XSHG,600060
2265,600061.XSHG,600061
2266,600062.XSHG,600062
2267,600063.XSHG,600063
2268,600064.XSHG,600064
2269,600065.XSHG,600065
2270,600066.XSHG,600066
2271,600067.XSHG,600067
2272,600068.XSHG,600068
2273,600069.XSHG,600069
2274,600070.XSHG,600070
2275,600071.XSHG,600071
2276,600072.XSHG,600072
2277,600073.XSHG,600073
2278,600074.XSHG,600074
2279,600075.XSHG,600075
2280,600076.XSHG,600076
2281,600077.XSHG,600077
2282,600078.XSHG,600078
2283,600079.XSHG,600079
2284,600080.XSHG,600080
2285,600081.XSHG,600081
2286,600082.XSHG,600082
2287,600083.XSHG,600083
2288,600084.XSHG,600084
2289,600085.XSHG,600085
2290,600086.XSHG,600086
2291,600087.XSHG,600087
2292,600088.XSHG,600088
2293,600089.XSHG,600089
2294,600090.XSHG,600090
2295,600091.XSHG,600091
2296,600092.XSHG,600092
2297,600093.XSHG,600093
2298,600094.XSHG,600094
2299,600095.XSHG,600095
2300,600096.XSHG,600096
2301,600097.XSHG,600097
2302,600098.XSHG,600098
2303,600099.XSHG,600099
2304,600100.XSHG,600100
2305,600101.XSHG,600101
2306,600102.XSHG,600102
2307,600103.XSHG,600103
2308,600104.XSHG,600104
2309,600105.XSHG,600105
2310,600106.XSHG,600106
2311,600107.XSHG,600107
2312,600108.XSHG,600108
2313,600109.XSHG,600109
2314,600110.XSHG,600110
2315,600111.XSHG,600111
2316,600112.XSHG,600112
2317,600113.XSHG,600113
2318,600114.XSHG,600114
2319,600115.XSHG,600115
2320,600116.XSHG,600116
2321,600117.XSHG,600117
2322,600118.XSHG,600118
2323,600119.XSHG,600119
2324,600120.XSHG,600120
2325,600121.XSHG,600121
2326,600122.XSHG,600122
2327,600123.XSHG,600123
2328,600125.XSHG,600125
2329,600126.XSHG,600126
2330,600127.XSHG,600127
2331,600128.XSHG,600128
2332,600129.XSHG,600129
2333,600130.XSHG,600130
2334,600131.XSHG,600131
2335,600132.XSHG,600132
2336,600133.XSHG,600133
2337,600135.XSHG,600135
2338,600136.XSHG,600136
2339,600137.XSHG,600137
2340,600138.XSHG,600138
2341,600139.XSHG,600139
2342,600141.XSHG,600141
2343,600143.XSHG,600143
2344,600145.XSHG,600145
2345,600146.XSHG,600146
2346,600148.XSHG,600148
2347,600149.XSHG,600149
2348,600150.XSHG,600150
2349,600151.XSHG,600151
2350,600152.XSHG,600152
2351,600153.XSHG,600153
2352,600155.XSHG,600155
2353,600156.XSHG,600156
2354,600157.XSHG,600157
2355,600158.XSHG,600158
2356,600159.XSHG,600159
2357,600160.XSHG,600160
2358,600161.XSHG,600161
2359,600162.XSHG,600162
2360,600163.XSHG,600163
2361,600165.XSHG,600165
2362,600166.XSHG,600166
2363,600167.XSHG,600167
2364,600168.XSHG,600168
2365,600169.XSHG,600169
2366,600170.XSHG,600170
2367,600171.XSHG,600171
2368,600172.XSHG,600172
2369,600173.XSHG,600173
2370,600175.XSHG,600175
2371,600176.XSHG,600176
2372,600177.XSHG,600177
2373,600178.XSHG,600178
2374,600179.XSHG,600179
2375,600180.XSHG,600180
2376,600181.XSHG,600181
2377,600182.XSHG,600182
2378,600183.XSHG,600183
2379,600184.XSHG,600184
2380,600185.XSHG,600185
2381,600186.XSHG,600186
2382,600187.XSHG,600187
2383,600188.XSHG,600188
2384,600189.XSHG,600189
2385,600190.XSHG,600190
2386,600191.XSHG,600191
2387,600192.XSHG,600192
2388,600193.XSHG,600193
2389,600195.XSHG,600195
2390,600196.XSHG,600196
2391,600197.XSHG,600197
2392,600198.XSHG,600198
2393,600199.XSHG,600199
2394,600200.XSHG,600200
2395,600201.XSHG,600201
2396,600202.XSHG,600202
2397,600203.XSHG,600203
2398,600205.XSHG,600205
2399,600206.XSHG,600206
2400,600207.XSHG,600207
2401,600208.XSHG,600208
2402,600209.XSHG,600209
2403,600210.XSHG,600210
2404,600211.XSHG,600211
2405,600212.XSHG,600212
2406,600213.XSHG,600213
2407,600215.XSHG,600215
2408,600216.XSHG,600216
2409,600217.XSHG,600217
2410,600218.XSHG,600218
2411,600219.XSHG,600219
2412,600220.XSHG,600220
2413,600221.XSHG,600221
2414,600222.XSHG,600222
2415,600223.XSHG,600223
2416,600225.XSHG,600225
2417,600226.XSHG,600226
2418,600227.XSHG,600227
2419,600228.XSHG,600228
2420,600229.XSHG,600229
2421,600230.XSHG,600230
2422,600231.XSHG,600231
2423,600232.XSHG,600232
2424,600233.XSHG,600233
2425,600234.XSHG,600234
2426,600235.XSHG,600235
2427,600236.XSHG,600236
2428,600237.XSHG,600237
2429,600238.XSHG,600238
2430,600239.XSHG,600239
2431,600240.XSHG,600240
2432,600241.XSHG,600241
2433,600242.XSHG,600242
2434,600243.XSHG,600243
2435,600246.XSHG,600246
2436,600247.XSHG,600247
2437,600248.XSHG,600248
2438,600249.XSHG,600249
2439,600250.XSHG,600250
2440,600251.XSHG,600251
2441,600252.XSHG,600252
2442,600253.XSHG,600253
2443,600255.XSHG,600255
2444,600256.XSHG,600256
2445,600257.XSHG,600257
2446,600258.XSHG,600258
2447,600259.XSHG,600259
2448,600260.XSHG,600260
2449,600261.XSHG,600261
2450,600262.XSHG,600262
2451,600263.XSHG,600263
2452,600265.XSHG,600265
2453,600266.XSHG,600266
2454,600267.XSHG,600267
2455,600268.XSHG,600268
2456,600269.XSHG,600269
2457,600270.XSHG,600270
2458,600271.XSHG,600271
2459,600272.XSHG,600272
2460,600273.XSHG,600273
2461,600275.XSHG,600275
2462,600276.XSHG,600276
2463,600277.XSHG,600277
2464,600278.XSHG,600278
2465,600279.XSHG,600279
2466,600280.XSHG,600280
2467,600281.XSHG,600281
2468,600282.XSHG,600282
2469,600283.XSHG,600283
2470,600284.XSHG,600284
2471,600285.XSHG,600285
2472,600286.XSHG,600286
2473,600287.XSHG,600287
2474,600288.XSHG,600288
2475,600289.XSHG,600289
2476,600290.XSHG,600290
2477,600291.XSHG,600291
2478,600292.XSHG,600292
2479,600293.XSHG,600293
2480,600295.XSHG,600295
2481,600296.XSHG,600296
2482,600297.XSHG,600297
2483,600298.XSHG,600298
2484,600299.XSHG,600299
2485,600300.XSHG,600300
2486,600301.XSHG,600301
2487,600302.XSHG,600302
2488,600303.XSHG,600303
2489,600305.XSHG,600305
2490,600306.XSHG,600306
2491,600307.XSHG,600307
2492,600308.XSHG,600308
2493,600309.XSHG,600309
2494,600310.XSHG,600310
2495,600311.XSHG,600311
2496,600312.XSHG,600312
2497,600313.XSHG,600313
2498,600315.XSHG,600315
2499,600316.XSHG,600316
2500,600317.XSHG,600317
2501,600318.XSHG,600318
2502,600319.XSHG,600319
2503,600320.XSHG,600320
2504,600321.XSHG,600321
2505,600322.XSHG,600322
2506,600323.XSHG,600323
2507,600325.XSHG,600325
2508,600326.XSHG,600326
2509,600327.XSHG,600327
2510,600328.XSHG,600328
2511,600329.XSHG,600329
2512,600330.XSHG,600330
2513,600331.XSHG,600331
2514,600332.XSHG,600332
2515,600333.XSHG,600333
2516,600335.XSHG,600335
2517,600336.XSHG,600336
2518,600337.XSHG,600337
2519,600338.XSHG,600338
2520,600339.XSHG,600339
2521,600340.XSHG,600340
2522,600343.XSHG,600343
2523,600345.XSHG,600345
2524,600346.XSHG,600346
2525,600348.XSHG,600348
2526,600349.XSHG,600349
2527,600350.XSHG,600350
2528,600351.XSHG,600351
2529,600352.XSHG,600352
2530,600353.XSHG,600353
2531,600354.XSHG,600354
2532,600355.XSHG,600355
2533,600356.XSHG,600356
2534,600357.XSHG,600357
2535,600358.XSHG,600358
2536,600359.XSHG,600359
2537,600360.XSHG,600360
2538,600361.XSHG,600361
2539,600362.XSHG,600362
2540,600363.XSHG,600363
2541,600365.XSHG,600365
2542,600366.XSHG,600366
2543,600367.XSHG,600367
2544,600368.XSHG,600368
2545,600369.XSHG,600369
2546,600370.XSHG,600370
2547,600371.XSHG,600371
2548,600372.XSHG,600372
2549,600373.XSHG,600373
2550,600375.XSHG,600375
2551,600376.XSHG,600376
2552,600377.XSHG,600377
2553,600378.XSHG,600378
2554,600379.XSHG,600379
2555,600380.XSHG,600380
2556,600381.XSHG,600381
2557,600382.XSHG,600382
2558,600383.XSHG,600383
2559,600385.XSHG,600385
2560,600386.XSHG,600386
2561,600387.XSHG,600387
2562,600388.XSHG,600388
2563,600389.XSHG,600389
2564,600390.XSHG,600390
2565,600391.XSHG,600391
2566,600392.XSHG,600392
2567,600393.XSHG,600393
2568,600395.XSHG,600395
2569,600396.XSHG,600396
2570,600397.XSHG,600397
2571,600398.XSHG,600398
2572,600399.XSHG,600399
2573,600400.XSHG,600400
2574,600401.XSHG,600401
2575,600403.XSHG,600403
2576,600405.XSHG,600405
2577,600406.XSHG,600406
2578,600408.XSHG,600408
2579,600409.XSHG,600409
2580,600410.XSHG,600410
2581,600415.XSHG,600415
2582,600416.XSHG,600416
2583,600418.XSHG,600418
2584,600419.XSHG,600419
2585,600420.XSHG,600420
2586,600421.XSHG,600421
2587,600422.XSHG,600422
2588,600423.XSHG,600423
2589,600425.XSHG,600425
2590,600426.XSHG,600426
2591,600428.XSHG,600428
2592,600429.XSHG,600429
2593,600432.XSHG,600432
2594,600433.XSHG,600433
2595,600435.XSHG,600435
2596,600436.XSHG,600436
2597,600438.XSHG,600438
2598,600439.XSHG,600439
2599,600444.XSHG,600444
2600,600446.XSHG,600446
2601,600448.XSHG,600448
2602,600449.XSHG,600449
2603,600452.XSHG,600452
2604,600455.XSHG,600455
2605,600456.XSHG,600456
2606,600458.XSHG,600458
2607,600459.XSHG,600459
2608,600460.XSHG,600460
2609,600461.XSHG,600461
2610,600462.XSHG,600462
2611,600463.XSHG,600463
2612,600466.XSHG,600466
2613,600467.XSHG,600467
2614,600468.XSHG,600468
2615,600469.XSHG,600469
2616,600470.XSHG,600470
2617,600472.XSHG,600472
2618,600475.XSHG,600475
2619,600476.XSHG,600476
2620,600477.XSHG,600477
2621,600478.XSHG,600478
2622,600479.XSHG,600479
2623,600480.XSHG,600480
2624,600481.XSHG,600481
2625,600482.XSHG,600482
2626,600483.XSHG,600483
2627,600485.XSHG,600485
2628,600486.XSHG,600486
2629,600487.XSHG,600487
2630,600488.XSHG,600488
2631,600489.XSHG,600489
2632,600490.XSHG,600490
2633,600491.XSHG,600491
2634,600493.XSHG,600493
2635,600495.XSHG,600495
2636,600496.XSHG,600496
2637,600497.XSHG,600497
2638,600498.XSHG,600498
2639,600499.XSHG,600499
2640,600500.XSHG,600500
2641,600501.XSHG,600501
2642,600502.XSHG,600502
2643,600503.XSHG,600503
2644,600505.XSHG,600505
2645,600506.XSHG,600506
2646,600507.XSHG,600507
2647,600508.XSHG,600508
2648,600509.XSHG,600509
2649,600510.XSHG,600510
2650,600511.XSHG,600511
2651,600512.XSHG,600512
2652,600513.XSHG,600513
2653,600515.XSHG,600515
2654,600516.XSHG,600516
2655,600517.XSHG,600517
2656,600518.XSHG,600518
2657,600519.XSHG,600519
2658,600520.XSHG,600520
2659,600521.XSHG,600521
2660,600522.XSHG,600522
2661,600523.XSHG,600523
2662,600525.XSHG,600525
2663,600526.XSHG,600526
2664,600527.XSHG,600527
2665,600528.XSHG,600528
2666,600529.XSHG,600529
2667,600530.XSHG,600530
2668,600531.XSHG,600531
2669,600532.XSHG,600532
2670,600533.XSHG,600533
2671,600535.XSHG,600535
2672,600536.XSHG,600536
2673,600537.XSHG,600537
2674,600538.XSHG,600538
2675,600539.XSHG,600539
2676,600540.XSHG,600540
2677,600543.XSHG,600543
2678,600545.XSHG,600545
2679,600546.XSHG,600546
2680,600547.XSHG,600547
2681,600548.XSHG,600548
2682,600549.XSHG,600549
2683,600550.XSHG,600550
2684,600551.XSHG,600551
2685,600552.XSHG,600552
2686,600553.XSHG,600553
2687,600555.XSHG,600555
2688,600556.XSHG,600556
2689,600557.XSHG,600557
2690,600558.XSHG,600558
2691,600559.XSHG,600559
2692,600560.XSHG,600560
2693,600561.XSHG,600561
2694,600562.XSHG,600562
2695,600563.XSHG,600563
2696,600565.XSHG,600565
2697,600566.XSHG,600566
2698,600567.XSHG,600567
2699,600568.XSHG,600568
2700,600569.XSHG,600569
2701,600570.XSHG,600570
2702,600571.XSHG,600571
2703,600572.XSHG,600572
2704,600573.XSHG,600573
2705,600575.XSHG,600575
2706,600576.XSHG,600576
2707,600577.XSHG,600577
2708,600578.XSHG,600578
2709,600579.XSHG,600579
2710,600580.XSHG,600580
2711,600581.XSHG,600581
2712,600582.XSHG,600582
2713,600583.XSHG,600583
2714,600584.XSHG,600584
2715,600585.XSHG,600585
2716,600586.XSHG,600586
2717,600587.XSHG,600587
2718,600588.XSHG,600588
2719,600589.XSHG,600589
2720,600590.XSHG,600590
2721,600591.XSHG,600591
2722,600592.XSHG,600592
2723,600593.XSHG,600593
2724,600594.XSHG,600594
2725,600595.XSHG,600595
2726,600596.XSHG,600596
2727,600597.XSHG,600597
2728,600598.XSHG,600598
2729,600599.XSHG,600599
2730,600600.XSHG,600600
2731,600601.XSHG,600601
2732,600602.XSHG,600602
2733,600603.XSHG,600603
2734,600604.XSHG,600604
2735,600605.XSHG,600605
2736,600606.XSHG,600606
2737,600607.XSHG,600607
2738,600608.XSHG,600608
2739,600609.XSHG,600609
2740,600610.XSHG,600610
2741,600611.XSHG,600611
2742,600612.XSHG,600612
2743,600613.XSHG,600613
2744,600614.XSHG,600614
2745,600615.XSHG,600615
2746,600616.XSHG,600616
2747,600617.XSHG,600617
2748,600618.XSHG,600618
2749,600619.XSHG,600619
2750,600620.XSHG,600620
2751,600621.XSHG,600621
2752,600622.XSHG,600622
2753,600623.XSHG,600623
2754,600624.XSHG,600624
2755,600625.XSHG,600625
2756,600626.XSHG,600626
2757,600627.XSHG,600627
2758,600628.XSHG,600628
2759,600629.XSHG,600629
2760,600630.XSHG,600630
2761,600631.XSHG,600631
2762,600632.XSHG,600632
2763,600633.XSHG,600633
2764,600634.XSHG,600634
2765,600635.XSHG,600635
2766,600636.XSHG,600636
2767,600637.XSHG,600637
2768,600638.XSHG,600638
2769,600639.XSHG,600639
2770,600640.XSHG,600640
2771,600641.XSHG,600641
2772,600642.XSHG,600642
2773,600643.XSHG,600643
2774,600644.XSHG,600644
2775,600645.XSHG,600645
2776,600646.XSHG,600646
2777,600647.XSHG,600647
2778,600648.XSHG,600648
2779,600649.XSHG,600649
2780,600650.XSHG,600650
2781,600651.XSHG,600651
2782,600652.XSHG,600652
2783,600653.XSHG,600653
2784,600654.XSHG,600654
2785,600655.XSHG,600655
2786,600656.XSHG,600656
2787,600657.XSHG,600657
2788,600658.XSHG,600658
2789,600659.XSHG,600659
2790,600660.XSHG,600660
2791,600661.XSHG,600661
2792,600662.XSHG,600662
2793,600663.XSHG,600663
2794,600664.XSHG,600664
2795,600665.XSHG,600665
2796,600666.XSHG,600666
2797,600667.XSHG,600667
2798,600668.XSHG,600668
2799,600669.XSHG,600669
2800,600670.XSHG,600670
2801,600671.XSHG,600671
2802,600672.XSHG,600672
2803,600673.XSHG,600673
2804,600674.XSHG,600674
2805,600675.XSHG,600675
2806,600676.XSHG,600676
2807,600677.XSHG,600677
2808,600678.XSHG,600678
2809,600679.XSHG,600679
2810,600680.XSHG,600680
2811,600681.XSHG,600681
2812,600682.XSHG,600682
2813,600683.XSHG,600683
2814,600684.XSHG,600684
2815,600685.XSHG,600685
2816,600686.XSHG,600686
2817,600687.XSHG,600687
2818,600688.XSHG,600688
2819,600689.XSHG,600689
2820,600690.XSHG,600690
2821,600691.XSHG,600691
2822,600692.XSHG,600692
2823,600693.XSHG,600693
2824,600694.XSHG,600694
2825,600695.XSHG,600695
2826,600696.XSHG,600696
2827,600697.XSHG,600697
2828,600698.XSHG,600698
2829,600699.XSHG,600699
2830,600700.XSHG,600700
2831,600701.XSHG,600701
2832,600702.XSHG,600702
2833,600703.XSHG,600703
2834,600704.XSHG,600704
2835,600705.XSHG,600705
2836,600706.XSHG,600706
2837,600707.XSHG,600707
2838,600708.XSHG,600708
2839,600709.XSHG,600709
2840,600710.XSHG,600710
2841,600711.XSHG,600711
2842,600712.XSHG,600712
2843,600713.XSHG,600713
2844,600714.XSHG,600714
2845,600715.XSHG,600715
2846,600716.XSHG,600716
2847,600717.XSHG,600717
2848,600718.XSHG,600718
2849,600719.XSHG,600719
2850,600720.XSHG,600720
2851,600721.XSHG,600721
2852,600722.XSHG,600722
2853,600723.XSHG,600723
2854,600724.XSHG,600724
2855,600725.XSHG,600725
2856,600726.XSHG,600726
2857,600727.XSHG,600727
2858,600728.XSHG,600728
2859,600729.XSHG,600729
2860,600730.XSHG,600730
2861,600731.XSHG,600731
2862,600732.XSHG,600732
2863,600733.XSHG,600733
2864,600734.XSHG,600734
2865,600735.XSHG,600735
2866,600736.XSHG,600736
2867,600737.XSHG,600737
2868,600738.XSHG,600738
2869,600739.XSHG,600739
2870,600740.XSHG,600740
2871,600741.XSHG,600741
2872,600742.XSHG,600742
2873,600743.XSHG,600743
2874,600744.XSHG,600744
2875,600745.XSHG,600745
2876,600746.XSHG,600746
2877,600747.XSHG,600747
2878,600748.XSHG,600748
2879,600749.XSHG,600749
2880,600750.XSHG,600750
2881,600751.XSHG,600751
2882,600752.XSHG,600752
2883,600753.XSHG,600753
2884,600754.XSHG,600754
2885,600755.XSHG,600755
2886,600756.XSHG,600756
2887,600757.XSHG,600757
2888,600758.XSHG,600758
2889,600759.XSHG,600759
2890,600760.XSHG,600760
2891,600761.XSHG,600761
2892,600762.XSHG,600762
2893,600763.XSHG,600763
2894,600764.XSHG,600764
2895,600765.XSHG,600765
2896,600766.XSHG,600766
2897,600767.XSHG,600767
2898,600768.XSHG,600768
2899,600769.XSHG,600769
2900,600770.XSHG,600770
2901,600771.XSHG,600771
2902,600772.XSHG,600772
2903,600773.XSHG,600773
2904,600774.XSHG,600774
2905,600775.XSHG,600775
2906,600776.XSHG,600776
2907,600777.XSHG,600777
2908,600778.XSHG,600778
2909,600779.XSHG,600779
2910,600780.XSHG,600780
2911,600781.XSHG,600781
2912,600782.XSHG,600782
2913,600783.XSHG,600783
2914,600784.XSHG,600784
2915,600785.XSHG,600785
2916,600786.XSHG,600786
2917,600787.XSHG,600787
2918,600788.XSHG,600788
2919,600789.XSHG,600789
2920,600790.XSHG,600790
2921,600791.XSHG,600791
2922,600792.XSHG,600792
2923,600793.XSHG,600793
2924,600794.XSHG,600794
2925,600795.XSHG,600795
2926,600796.XSHG,600796
2927,600797.XSHG,600797
2928,600798.XSHG,600798
2929,600799.XSHG,600799
2930,600800.XSHG,600800
2931,600801.XSHG,600801
2932,600802.XSHG,600802
2933,600803.XSHG,600803
2934,600804.XSHG,600804
2935,600805.XSHG,600805
2936,600806.XSHG,600806
2937,600807.XSHG,600807
2938,600808.XSHG,600808
2939,600809.XSHG,600809
2940,600810.XSHG,600810
2941,600811.XSHG,600811
2942,600812.XSHG,600812
2943,600813.XSHG,600813
2944,600814.XSHG,600814
2945,600815.XSHG,600815
2946,600816.XSHG,600816
2947,600817.XSHG,600817
2948,600818.XSHG,600818
2949,600819.XSHG,600819
2950,600820.XSHG,600820
2951,600821.XSHG,600821
2952,600822.XSHG,600822
2953,600823.XSHG,600823
2954,600824.XSHG,600824
2955,600825.XSHG,600825
2956,600826.XSHG,600826
2957,600827.XSHG,600827
2958,600828.XSHG,600828
2959,600829.XSHG,600829
2960,600830.XSHG,600830
2961,600831.XSHG,600831
2962,600832.XSHG,600832
2963,600833.XSHG,600833
2964,600834.XSHG,600834
2965,600835.XSHG,600835
2966,600836.XSHG,600836
2967,600837.XSHG,600837
2968,600838.XSHG,600838
2969,600839.XSHG,600839
2970,600840.XSHG,600840
2971,600841.XSHG,600841
2972,600842.XSHG,600842
2973,600843.XSHG,600843
2974,600844.XSHG,600844
2975,600845.XSHG,600845
2976,600846.XSHG,600846
2977,600847.XSHG,600847
2978,600848.XSHG,600848
2979,600849.XSHG,600849
2980,600850.XSHG,600850
2981,600851.XSHG,600851
2982,600852.XSHG,600852
2983,600853.XSHG,600853
2984,600854.XSHG,600854
2985,600855.XSHG,600855
2986,600856.XSHG,600856
2987,600857.XSHG,600857
2988,600858.XSHG,600858
2989,600859.XSHG,600859
2990,600860.XSHG,600860
2991,600861.XSHG,600861
2992,600862.XSHG,600862
2993,600863.XSHG,600863
2994,600864.XSHG,600864
2995,600865.XSHG,600865
2996,600866.XSHG,600866
2997,600867.XSHG,600867
2998,600868.XSHG,600868
2999,600869.XSHG,600869
3000,600870.XSHG,600870
3001,600871.XSHG,600871
3002,600872.XSHG,600872
3003,600873.XSHG,600873
3004,600874.XSHG,600874
3005,600875.XSHG,600875
3006,600876.XSHG,600876
3007,600877.XSHG,600877
3008,600878.XSHG,600878
3009,600879.XSHG,600879
3010,600880.XSHG,600880
3011,600881.XSHG,600881
3012,600882.XSHG,600882
3013,600883.XSHG,600883
3014,600884.XSHG,600884
3015,600885.XSHG,600885
3016,600886.XSHG,600886
3017,600887.XSHG,600887
3018,600888.XSHG,600888
3019,600889.XSHG,600889
3020,600890.XSHG,600890
3021,600891.XSHG,600891
3022,600892.XSHG,600892
3023,600893.XSHG,600893
3024,600894.XSHG,600894
3025,600895.XSHG,600895
3026,600896.XSHG,600896
3027,600897.XSHG,600897
3028,600898.XSHG,600898
3029,600899.XSHG,600899
3030,600900.XSHG,600900
3031,600901.XSHG,600901
3032,600903.XSHG,600903
3033,600908.XSHG,600908
3034,600909.XSHG,600909
3035,600917.XSHG,600917
3036,600919.XSHG,600919
3037,600926.XSHG,600926
3038,600928.XSHG,600928
3039,600929.XSHG,600929
3040,600933.XSHG,600933
3041,600936.XSHG,600936
3042,600939.XSHG,600939
3043,600958.XSHG,600958
3044,600959.XSHG,600959
3045,600960.XSHG,600960
3046,600961.XSHG,600961
3047,600962.XSHG,600962
3048,600963.XSHG,600963
3049,600965.XSHG,600965
3050,600966.XSHG,600966
3051,600967.XSHG,600967
3052,600969.XSHG,600969
3053,600970.XSHG,600970
3054,600971.XSHG,600971
3055,600973.XSHG,600973
3056,600975.XSHG,600975
3057,600976.XSHG,600976
3058,600977.XSHG,600977
3059,600978.XSHG,600978
3060,600979.XSHG,600979
3061,600980.XSHG,600980
3062,600981.XSHG,600981
3063,600982.XSHG,600982
3064,600983.XSHG,600983
3065,600984.XSHG,600984
3066,600985.XSHG,600985
3067,600986.XSHG,600986
3068,600987.XSHG,600987
3069,600988.XSHG,600988
3070,600989.XSHG,600989
3071,600990.XSHG,600990
3072,600991.XSHG,600991
3073,600992.XSHG,600992
3074,600993.XSHG,600993
3075,600995.XSHG,600995
3076,600996.XSHG,600996
3077,600997.XSHG,600997
3078,600998.XSHG,600998
3079,600999.XSHG,600999
3080,601000.XSHG,601000
3081,601001.XSHG,601001
3082,601002.XSHG,601002
3083,601003.XSHG,601003
3084,601005.XSHG,601005
3085,601006.XSHG,601006
3086,601007.XSHG,601007
3087,601008.XSHG,601008
3088,601009.XSHG,601009
3089,601010.XSHG,601010
3090,601011.XSHG,601011
3091,601012.XSHG,601012
3092,601015.XSHG,601015
3093,601016.XSHG,601016
3094,601018.XSHG,601018
3095,601019.XSHG,601019
3096,601020.XSHG,601020
3097,601021.XSHG,601021
3098,601028.XSHG,601028
3099,601038.XSHG,601038
3100,601058.XSHG,601058
3101,601066.XSHG,601066
3102,601068.XSHG,601068
3103,601069.XSHG,601069
3104,601086.XSHG,601086
3105,601088.XSHG,601088
3106,601098.XSHG,601098
3107,601099.XSHG,601099
3108,601100.XSHG,601100
3109,601101.XSHG,601101
3110,601106.XSHG,601106
3111,601107.XSHG,601107
3112,601108.XSHG,601108
3113,601111.XSHG,601111
3114,601113.XSHG,601113
3115,601116.XSHG,601116
3116,601117.XSHG,601117
3117,601118.XSHG,601118
3118,601126.XSHG,601126
3119,601127.XSHG,601127
3120,601128.XSHG,601128
3121,601137.XSHG,601137
3122,601138.XSHG,601138
3123,601139.XSHG,601139
3124,601155.XSHG,601155
3125,601158.XSHG,601158
3126,601162.XSHG,601162
3127,601163.XSHG,601163
3128,601166.XSHG,601166
3129,601168.XSHG,601168
3130,601169.XSHG,601169
3131,601177.XSHG,601177
3132,601179.XSHG,601179
3133,601186.XSHG,601186
3134,601188.XSHG,601188
3135,601198.XSHG,601198
3136,601199.XSHG,601199
3137,601200.XSHG,601200
3138,601206.XSHG,601206
3139,601208.XSHG,601208
3140,601211.XSHG,601211
3141,601212.XSHG,601212
3142,601216.XSHG,601216
3143,601218.XSHG,601218
3144,601222.XSHG,601222
3145,601225.XSHG,601225
3146,601226.XSHG,601226
3147,601228.XSHG,601228
3148,601229.XSHG,601229
3149,601231.XSHG,601231
3150,601233.XSHG,601233
3151,601236.XSHG,601236
3152,601238.XSHG,601238
3153,601258.XSHG,601258
3154,601268.XSHG,601268
3155,601288.XSHG,601288
3156,601298.XSHG,601298
3157,601299.XSHG,601299
3158,601311.XSHG,601311
3159,601313.XSHG,601313
3160,601318.XSHG,601318
3161,601319.XSHG,601319
3162,601326.XSHG,601326
3163,601328.XSHG,601328
3164,601330.XSHG,601330
3165,601333.XSHG,601333
3166,601336.XSHG,601336
3167,601339.XSHG,601339
3168,601360.XSHG,601360
3169,601366.XSHG,601366
3170,601368.XSHG,601368
3171,601369.XSHG,601369
3172,601375.XSHG,601375
3173,601377.XSHG,601377
3174,601388.XSHG,601388
3175,601390.XSHG,601390
3176,601398.XSHG,601398
3177,601500.XSHG,601500
3178,601515.XSHG,601515
3179,601518.XSHG,601518
3180,601519.XSHG,601519
3181,601555.XSHG,601555
3182,601558.XSHG,601558
3183,601566.XSHG,601566
3184,601567.XSHG,601567
3185,601577.XSHG,601577
3186,601579.XSHG,601579
3187,601588.XSHG,601588
3188,601595.XSHG,601595
3189,601598.XSHG,601598
3190,601599.XSHG,601599
3191,601600.XSHG,601600
3192,601601.XSHG,601601
3193,601606.XSHG,601606
3194,601607.XSHG,601607
3195,601608.XSHG,601608
3196,601611.XSHG,601611
3197,601615.XSHG,601615
3198,601616.XSHG,601616
3199,601618.XSHG,601618
3200,601619.XSHG,601619
3201,601628.XSHG,601628
3202,601633.XSHG,601633
3203,601636.XSHG,601636
3204,601666.XSHG,601666
3205,601668.XSHG,601668
3206,601669.XSHG,601669
3207,601677.XSHG,601677
3208,601678.XSHG,601678
3209,601688.XSHG,601688
3210,601689.XSHG,601689
3211,601699.XSHG,601699
3212,601700.XSHG,601700
3213,601717.XSHG,601717
3214,601718.XSHG,601718
3215,601727.XSHG,601727
3216,601766.XSHG,601766
3217,601777.XSHG,601777
3218,601788.XSHG,601788
3219,601789.XSHG,601789
3220,601798.XSHG,601798
3221,601799.XSHG,601799
3222,601800.XSHG,601800
3223,601801.XSHG,601801
3224,601808.XSHG,601808
3225,601811.XSHG,601811
3226,601818.XSHG,601818
3227,601828.XSHG,601828
3228,601838.XSHG,601838
3229,601857.XSHG,601857
3230,601858.XSHG,601858
3231,601860.XSHG,601860
3232,601865.XSHG,601865
3233,601866.XSHG,601866
3234,601869.XSHG,601869
3235,601872.XSHG,601872
3236,601877.XSHG,601877
3237,601878.XSHG,601878
3238,601880.XSHG,601880
3239,601881.XSHG,601881
3240,601882.XSHG,601882
3241,601886.XSHG,601886
3242,601888.XSHG,601888
3243,601890.XSHG,601890
3244,601898.XSHG,601898
3245,601899.XSHG,601899
3246,601900.XSHG,601900
3247,601901.XSHG,601901
3248,601908.XSHG,601908
3249,601918.XSHG,601918
3250,601919.XSHG,601919
3251,601928.XSHG,601928
3252,601929.XSHG,601929
3253,601933.XSHG,601933
3254,601939.XSHG,601939
3255,601949.XSHG,601949
3256,601952.XSHG,601952
3257,601958.XSHG,601958
3258,601965.XSHG,601965
3259,601966.XSHG,601966
3260,601968.XSHG,601968
3261,601969.XSHG,601969
3262,601975.XSHG,601975
3263,601985.XSHG,601985
3264,601988.XSHG,601988
3265,601989.XSHG,601989
3266,601990.XSHG,601990
3267,601991.XSHG,601991
3268,601992.XSHG,601992
3269,601996.XSHG,601996
3270,601997.XSHG,601997
3271,601998.XSHG,601998
3272,601999.XSHG,601999
3273,603000.XSHG,603000
3274,603001.XSHG,603001
3275,603002.XSHG,603002
3276,603003.XSHG,603003
3277,603005.XSHG,603005
3278,603006.XSHG,603006
3279,603007.XSHG,603007
3280,603008.XSHG,603008
3281,603009.XSHG,603009
3282,603010.XSHG,603010
3283,603011.XSHG,603011
3284,603012.XSHG,603012
3285,603013.XSHG,603013
3286,603015.XSHG,603015
3287,603016.XSHG,603016
3288,603017.XSHG,603017
3289,603018.XSHG,603018
3290,603019.XSHG,603019
3291,603020.XSHG,603020
3292,603021.XSHG,603021
3293,603022.XSHG,603022
3294,603023.XSHG,603023
3295,603025.XSHG,603025
3296,603026.XSHG,603026
3297,603027.XSHG,603027
3298,603028.XSHG,603028
3299,603029.XSHG,603029
3300,603030.XSHG,603030
3301,603031.XSHG,603031
3302,603032.XSHG,603032
3303,603033.XSHG,603033
3304,603035.XSHG,603035
3305,603036.XSHG,603036
3306,603037.XSHG,603037
3307,603038.XSHG,603038
3308,603039.XSHG,603039
3309,603040.XSHG,603040
3310,603041.XSHG,603041
3311,603042.XSHG,603042
3312,603043.XSHG,603043
3313,603045.XSHG,603045
3314,603050.XSHG,603050
3315,603055.XSHG,603055
3316,603056.XSHG,603056
3317,603058.XSHG,603058
3318,603059.XSHG,603059
3319,603060.XSHG,603060
3320,603063.XSHG,603063
3321,603066.XSHG,603066
3322,603067.XSHG,603067
3323,603068.XSHG,603068
3324,603069.XSHG,603069
3325,603076.XSHG,603076
3326,603077.XSHG,603077
3327,603078.XSHG,603078
3328,603079.XSHG,603079
3329,603080.XSHG,603080
3330,603081.XSHG,603081
3331,603083.XSHG,603083
3332,603085.XSHG,603085
3333,603086.XSHG,603086
3334,603088.XSHG,603088
3335,603089.XSHG,603089
3336,603090.XSHG,603090
3337,603096.XSHG,603096
3338,603098.XSHG,603098
3339,603099.XSHG,603099
3340,603100.XSHG,603100
3341,603101.XSHG,603101
3342,603103.XSHG,603103
3343,603105.XSHG,603105
3344,603106.XSHG,603106
3345,603108.XSHG,603108
3346,603110.XSHG,603110
3347,603111.XSHG,603111
3348,603113.XSHG,603113
3349,603116.XSHG,603116
3350,603117.XSHG,603117
3351,603118.XSHG,603118
3352,603121.XSHG,603121
3353,603123.XSHG,603123
3354,603126.XSHG,603126
3355,603127.XSHG,603127
3356,603128.XSHG,603128
3357,603129.XSHG,603129
3358,603131.XSHG,603131
3359,603133.XSHG,603133
3360,603136.XSHG,603136
3361,603138.XSHG,603138
3362,603139.XSHG,603139
3363,603156.XSHG,603156
3364,603157.XSHG,603157
3365,603158.XSHG,603158
3366,603159.XSHG,603159
3367,603160.XSHG,603160
3368,603161.XSHG,603161
3369,603165.XSHG,603165
3370,603166.XSHG,603166
3371,603167.XSHG,603167
3372,603168.XSHG,603168
3373,603169.XSHG,603169
3374,603177.XSHG,603177
3375,603178.XSHG,603178
3376,603179.XSHG,603179
3377,603180.XSHG,603180
3378,603181.XSHG,603181
3379,603183.XSHG,603183
3380,603185.XSHG,603185
3381,603186.XSHG,603186
3382,603187.XSHG,603187
3383,603188.XSHG,603188
3384,603189.XSHG,603189
3385,603192.XSHG,603192
3386,603196.XSHG,603196
3387,603197.XSHG,603197
3388,603198.XSHG,603198
3389,603199.XSHG,603199
3390,603200.XSHG,603200
3391,603203.XSHG,603203
3392,603208.XSHG,603208
3393,603214.XSHG,603214
3394,603217.XSHG,603217
3395,603218.XSHG,603218
3396,603220.XSHG,603220
3397,603222.XSHG,603222
3398,603223.XSHG,603223
3399,603225.XSHG,603225
3400,603226.XSHG,603226
3401,603227.XSHG,603227
3402,603228.XSHG,603228
3403,603229.XSHG,603229
3404,603232.XSHG,603232
3405,603233.XSHG,603233
3406,603238.XSHG,603238
3407,603239.XSHG,603239
3408,603258.XSHG,603258
3409,603259.XSHG,603259
3410,603260.XSHG,603260
3411,603266.XSHG,603266
3412,603267.XSHG,603267
3413,603268.XSHG,603268
3414,603269.XSHG,603269
3415,603277.XSHG,603277
3416,603278.XSHG,603278
3417,603283.XSHG,603283
3418,603286.XSHG,603286
3419,603288.XSHG,603288
3420,603289.XSHG,603289
3421,603297.XSHG,603297
3422,603298.XSHG,603298
3423,603299.XSHG,603299
3424,603300.XSHG,603300
3425,603301.XSHG,603301
3426,603302.XSHG,603302
3427,603303.XSHG,603303
3428,603305.XSHG,603305
3429,603306.XSHG,603306
3430,603308.XSHG,603308
3431,603309.XSHG,603309
3432,603311.XSHG,603311
3433,603313.XSHG,603313
3434,603315.XSHG,603315
3435,603316.XSHG,603316
3436,603317.XSHG,603317
3437,603318.XSHG,603318
3438,603319.XSHG,603319
3439,603320.XSHG,603320
3440,603321.XSHG,603321
3441,603322.XSHG,603322
3442,603323.XSHG,603323
3443,603326.XSHG,603326
3444,603327.XSHG,603327
3445,603328.XSHG,603328
3446,603329.XSHG,603329
3447,603330.XSHG,603330
3448,603331.XSHG,603331
3449,603332.XSHG,603332
3450,603333.XSHG,603333
3451,603335.XSHG,603335
3452,603336.XSHG,603336
3453,603337.XSHG,603337
3454,603338.XSHG,603338
3455,603339.XSHG,603339
3456,603345.XSHG,603345
3457,603348.XSHG,603348
3458,603351.XSHG,603351
3459,603355.XSHG,603355
3460,603356.XSHG,603356
3461,603357.XSHG,603357
3462,603358.XSHG,603358
3463,603359.XSHG,603359
3464,603360.XSHG,603360
3465,603363.XSHG,603363
3466,603365.XSHG,603365
3467,603366.XSHG,603366
3468,603367.XSHG,603367
3469,603368.XSHG,603368
3470,603369.XSHG,603369
3471,603377.XSHG,603377
3472,603378.XSHG,603378
3473,603379.XSHG,603379
3474,603380.XSHG,603380
3475,603383.XSHG,603383
3476,603385.XSHG,603385
3477,603386.XSHG,603386
3478,603387.XSHG,603387
3479,603388.XSHG,603388
3480,603389.XSHG,603389
3481,603393.XSHG,603393
3482,603396.XSHG,603396
3483,603398.XSHG,603398
3484,603399.XSHG,603399
3485,603416.XSHG,603416
3486,603421.XSHG,603421
3487,603429.XSHG,603429
3488,603444.XSHG,603444
3489,603456.XSHG,603456
3490,603458.XSHG,603458
3491,603466.XSHG,603466
3492,603477.XSHG,603477
3493,603486.XSHG,603486
3494,603488.XSHG,603488
3495,603496.XSHG,603496
3496,603499.XSHG,603499
3497,603500.XSHG,603500
3498,603501.XSHG,603501
3499,603505.XSHG,603505
3500,603506.XSHG,603506
3501,603507.XSHG,603507
3502,603508.XSHG,603508
3503,603515.XSHG,603515
3504,603516.XSHG,603516
3505,603517.XSHG,603517
3506,603518.XSHG,603518
3507,603519.XSHG,603519
3508,603520.XSHG,603520
3509,603527.XSHG,603527
3510,603528.XSHG,603528
3511,603533.XSHG,603533
3512,603535.XSHG,603535
3513,603536.XSHG,603536
3514,603538.XSHG,603538
3515,603555.XSHG,603555
3516,603556.XSHG,603556
3517,603557.XSHG,603557
3518,603558.XSHG,603558
3519,603559.XSHG,603559
3520,603566.XSHG,603566
3521,603567.XSHG,603567
3522,603568.XSHG,603568
3523,603569.XSHG,603569
3524,603577.XSHG,603577
3525,603578.XSHG,603578
3526,603579.XSHG,603579
3527,603580.XSHG,603580
3528,603583.XSHG,603583
3529,603585.XSHG,603585
3530,603586.XSHG,603586
3531,603587.XSHG,603587
3532,603588.XSHG,603588
3533,603589.XSHG,603589
3534,603590.XSHG,603590
3535,603595.XSHG,603595
3536,603596.XSHG,603596
3537,603598.XSHG,603598
3538,603599.XSHG,603599
3539,603600.XSHG,603600
3540,603601.XSHG,603601
3541,603602.XSHG,603602
3542,603603.XSHG,603603
3543,603605.XSHG,603605
3544,603606.XSHG,603606
3545,603607.XSHG,603607
3546,603608.XSHG,603608
3547,603609.XSHG,603609
3548,603611.XSHG,603611
3549,603612.XSHG,603612
3550,603615.XSHG,603615
3551,603616.XSHG,603616
3552,603617.XSHG,603617
3553,603618.XSHG,603618
3554,603619.XSHG,603619
3555,603626.XSHG,603626
3556,603628.XSHG,603628
3557,603629.XSHG,603629
3558,603630.XSHG,603630
3559,603633.XSHG,603633
3560,603636.XSHG,603636
3561,603637.XSHG,603637
3562,603638.XSHG,603638
3563,603639.XSHG,603639
3564,603648.XSHG,603648
3565,603650.XSHG,603650
3566,603655.XSHG,603655
3567,603656.XSHG,603656
3568,603657.XSHG,603657
3569,603658.XSHG,603658
3570,603659.XSHG,603659
3571,603660.XSHG,603660
3572,603661.XSHG,603661
3573,603663.XSHG,603663
3574,603665.XSHG,603665
3575,603666.XSHG,603666
3576,603667.XSHG,603667
3577,603668.XSHG,603668
3578,603669.XSHG,603669
3579,603676.XSHG,603676
3580,603677.XSHG,603677
3581,603678.XSHG,603678
3582,603679.XSHG,603679
3583,603680.XSHG,603680
3584,603681.XSHG,603681
3585,603683.XSHG,603683
3586,603685.XSHG,603685
3587,603686.XSHG,603686
3588,603688.XSHG,603688
3589,603689.XSHG,603689
3590,603690.XSHG,603690
3591,603693.XSHG,603693
3592,603696.XSHG,603696
3593,603697.XSHG,603697
3594,603698.XSHG,603698
3595,603699.XSHG,603699
3596,603700.XSHG,603700
3597,603701.XSHG,603701
3598,603703.XSHG,603703
3599,603706.XSHG,603706
3600,603707.XSHG,603707
3601,603708.XSHG,603708
3602,603709.XSHG,603709
3603,603711.XSHG,603711
3604,603712.XSHG,603712
3605,603713.XSHG,603713
3606,603716.XSHG,603716
3607,603717.XSHG,603717
3608,603718.XSHG,603718
3609,603721.XSHG,603721
3610,603722.XSHG,603722
3611,603725.XSHG,603725
3612,603726.XSHG,603726
3613,603727.XSHG,603727
3614,603728.XSHG,603728
3615,603729.XSHG,603729
3616,603730.XSHG,603730
3617,603733.XSHG,603733
3618,603737.XSHG,603737
3619,603738.XSHG,603738
3620,603739.XSHG,603739
3621,603757.XSHG,603757
3622,603758.XSHG,603758
3623,603766.XSHG,603766
3624,603767.XSHG,603767
3625,603768.XSHG,603768
3626,603773.XSHG,603773
3627,603776.XSHG,603776
3628,603777.XSHG,603777
3629,603778.XSHG,603778
3630,603779.XSHG,603779
3631,603787.XSHG,603787
3632,603788.XSHG,603788
3633,603789.XSHG,603789
3634,603790.XSHG,603790
3635,603797.XSHG,603797
3636,603798.XSHG,603798
3637,603799.XSHG,603799
3638,603800.XSHG,603800
3639,603801.XSHG,603801
3640,603803.XSHG,603803
3641,603806.XSHG,603806
3642,603808.XSHG,603808
3643,603809.XSHG,603809
3644,603810.XSHG,603810
3645,603811.XSHG,603811
3646,603813.XSHG,603813
3647,603816.XSHG,603816
3648,603817.XSHG,603817
3649,603818.XSHG,603818
3650,603819.XSHG,603819
3651,603822.XSHG,603822
3652,603823.XSHG,603823
3653,603825.XSHG,603825
3654,603826.XSHG,603826
3655,603828.XSHG,603828
3656,603829.XSHG,603829
3657,603833.XSHG,603833
3658,603838.XSHG,603838
3659,603839.XSHG,603839
3660,603843.XSHG,603843
3661,603848.XSHG,603848
3662,603855.XSHG,603855
3663,603856.XSHG,603856
3664,603858.XSHG,603858
3665,603859.XSHG,603859
3666,603860.XSHG,603860
3667,603861.XSHG,603861
3668,603863.XSHG,603863
3669,603866.XSHG,603866
3670,603868.XSHG,603868
3671,603869.XSHG,603869
3672,603871.XSHG,603871
3673,603876.XSHG,603876
3674,603877.XSHG,603877
3675,603878.XSHG,603878
3676,603879.XSHG,603879
3677,603880.XSHG,603880
3678,603881.XSHG,603881
3679,603882.XSHG,603882
3680,603883.XSHG,603883
3681,603885.XSHG,603885
3682,603886.XSHG,603886
3683,603887.XSHG,603887
3684,603888.XSHG,603888
3685,603889.XSHG,603889
3686,603890.XSHG,603890
3687,603895.XSHG,603895
3688,603896.XSHG,603896
3689,603897.XSHG,603897
3690,603898.XSHG,603898
3691,603899.XSHG,603899
3692,603900.XSHG,603900
3693,603901.XSHG,603901
3694,603903.XSHG,603903
3695,603906.XSHG,603906
3696,603908.XSHG,603908
3697,603909.XSHG,603909
3698,603912.XSHG,603912
3699,603915.XSHG,603915
3700,603916.XSHG,603916
3701,603917.XSHG,603917
3702,603918.XSHG,603918
3703,603919.XSHG,603919
3704,603920.XSHG,603920
3705,603922.XSHG,603922
3706,603926.XSHG,603926
3707,603928.XSHG,603928
3708,603929.XSHG,603929
3709,603933.XSHG,603933
3710,603936.XSHG,603936
3711,603937.XSHG,603937
3712,603938.XSHG,603938
3713,603939.XSHG,603939
3714,603955.XSHG,603955
3715,603956.XSHG,603956
3716,603958.XSHG,603958
3717,603959.XSHG,603959
3718,603960.XSHG,603960
3719,603963.XSHG,603963
3720,603966.XSHG,603966
3721,603967.XSHG,603967
3722,603968.XSHG,603968
3723,603969.XSHG,603969
3724,603970.XSHG,603970
3725,603976.XSHG,603976
3726,603977.XSHG,603977
3727,603978.XSHG,603978
3728,603979.XSHG,603979
3729,603980.XSHG,603980
3730,603982.XSHG,603982
3731,603985.XSHG,603985
3732,603986.XSHG,603986
3733,603987.XSHG,603987
3734,603988.XSHG,603988
3735,603989.XSHG,603989
3736,603990.XSHG,603990
3737,603991.XSHG,603991
3738,603993.XSHG,603993
3739,603996.XSHG,603996
3740,603997.XSHG,603997
3741,603998.XSHG,603998
3742,603999.XSHG,603999
